ID,yolo_pred,Confidence,Area_sqm,Perimeter_m
5235,3,0.9231,174.9461712007965,71.72097160632605
9369,3,0.8528,91.26918801287047,42.63162442244124
11465,3,0.9137,224.43758986810585,71.01362031231871
7350,3,0.9299,381.04440840703114,84.4005561056634
11317,3,0.5407,184.12129193900816,60.515973080686706
5221,3,0.8646,263.06570322138157,72.5001738511739
3888,3,0.8851,196.13110847901075,59.14597469239071
9433,3,0.6358,11.271800384437846,14.371888580835577
4103,3,0.8855,229.44847083658914,64.047607407617
8739,3,0.8927,121.03801246789388,45.162459208068405
5590,3,0.9316,177.68813810024812,56.24096658651436
7387,3,0.8362,38.34760327462233,26.333019302502304
10784,3,0.8421,142.13452591047445,52.50688157862081
12187,3,0.9532,599.1206718602474,107.35360059600306
2758,3,0.9055,105.07419242437047,41.41974469727823
11115,3,0.8438,129.1581730375389,49.88263739967369
7152,3,0.9003,288.3825974579173,70.60329181587723
4315,3,0.8731,181.74967475150004,59.935631595402604
10237,3,0.8139,100.16399244198487,40.06911862953541
5792,3,0.6874,112.20966888206364,44.26211760686949
11854,3,0.9026,158.06356329426293,72.95354180898481
5625,3,0.8425,30.64249763952001,22.454173109052697
3532,3,0.538,136.16337302403718,46.96179517032844
7998,1,0.8652,36.50608049191766,44.472389630961715
7740,3,0.9088,163.6692808167441,55.9444583188891
8315,3,0.9021,167.28288544560297,56.603710957130836
10425,3,0.6233,144.53113554185404,52.13340443872198
114,3,0.8779,302.45472732558324,78.27348228536762
11920,3,0.8314,149.06223866108246,49.11875602981758
1899,3,0.7474,108.3113454301242,44.07131672808572
10141,3,0.8733,157.48919880643777,54.25545335396538
302,3,0.8054,290.42805722749176,72.49370250640993
8856,2,0.9037,601.4063853192389,100.32786059762537
458,3,0.8897,174.27938188476065,54.54629810657622
4937,3,0.718,158.9178841979527,55.167564118206656
465,3,0.8914,219.44882561817533,67.23623278655535
10626,3,0.8605,138.31430013356066,51.6343770113004
4062,3,0.9286,232.19848549102866,68.03978036185863
6675,3,0.8599,215.40529765839273,60.87641822071781
7225,3,0.5098,121.21331520521204,45.186601473326405
7557,3,0.899,141.26021631676704,50.80245581274451
3731,3,0.845,267.9258332016262,75.70227030713369
897,3,0.8848,277.43904588559235,74.82429655278874
667,3,0.853,204.84322669120047,60.46691810177795
698,3,0.7932,71.14031019334695,36.673033971886554
9750,3,0.5473,241.6616391468472,64.11072956317315
6305,3,0.5551,53.04698370190423,29.41134269523014
12233,1,0.8387,582.4518764545635,108.41225735715358
3269,3,0.7612,89.40074976711567,38.283066050091634
6311,3,0.8547,116.5920932321975,43.32231939480083
7769,2,0.6421,148.27143140342662,50.77373196024648
6477,0,0.7958,3716.5448790549904,478.14607294846473
9744,3,0.7272,130.819446256296,46.31517295496839
10593,3,0.8263,137.70365197243058,47.34054153338091
4499,3,0.8894,117.7875243328136,49.86645317189553
11896,3,0.9095,141.2561921628458,50.34503634415437
11882,2,0.562,100.81862765546563,40.94863622903718
9630,3,0.6255,272.3277099099845,72.34809822974985
920,3,0.8617,241.48151041450328,73.42434784729429
1250,3,0.6793,145.64872326926366,48.530966996344695
12409,3,0.899,192.02496424998336,60.179347838992136
7386,3,0.8602,60.919833854312415,33.76876144097506
4102,3,0.8954,208.02869552218914,63.2539719241514
8710,3,0.5752,120.09543757481545,43.838848658200135
9368,3,0.8854,231.46754792482648,64.45235705183282
1734,3,0.8552,116.10005844335876,46.51847554194565
11314,3,0.5578,80.28590560941775,36.471802737965255
11472,3,0.8623,368.4646254390618,89.49427393848828
8060,2,0.8102,461.0232636849928,92.20940188831104
8074,0,0.5922,230.95047234428728,62.78144839454096
5550,3,0.8554,90.64145011125217,38.44278212423801
7421,3,0.7572,7.932789121570157,13.343308480149185
10988,0,0.7697,180.04288776788871,55.673789124591806
513,3,0.8625,170.55017792900514,55.22157950349708
4699,0,0.8088,270.24899703189715,68.44765431553334
12379,3,0.9052,309.629673956889,77.9058277396767
11116,3,0.8154,250.88533168864808,65.64375694584108
11664,3,0.6893,290.01813224165664,72.36996606091081
9168,3,0.7883,55.13692931709926,31.879219445221448
8276,3,0.6944,209.70332378504014,67.69790545407905
7145,2,0.7362,270.5821511928403,67.25549869607616
12345,2,0.8852,1687.3864955586337,186.82999491189278
6515,3,0.885,194.68532861217892,71.49996039254273
5008,3,0.8311,155.2247005562145,54.964109153165715
2940,2,0.7978,1332.8305091888749,277.2597862854168
7186,3,0.9121,395.356845995184,80.75919558263651
5975,2,0.7222,33.29320171895145,23.119574665173985
5154,3,0.8333,256.4462767948944,72.4773269268767
12219,3,0.8326,98.77298682123187,40.07753828457848
9752,3,0.9039,39.339438832105394,25.089353670154257
5829,3,0.7638,54.62231920347439,43.5908585865611
7780,3,0.7789,99.73347667291951,50.20239601410044
7794,3,0.5607,178.77075227313293,58.7408261695187
3727,2,0.8817,11.312526323763304,13.571925214596984
9578,3,0.916,217.20578845977994,65.46382252036238
9222,3,0.9101,206.13484653272235,57.88298757585962
4921,3,0.8094,109.01363965241895,42.12074431071998
6850,1,0.6731,36.38852013593714,24.211587520786516
1871,3,0.8538,95.94623211463366,40.51484933940443
3914,3,0.7786,259.92923363010925,67.95862005996264
9586,2,0.7817,867.7325050153365,121.76746544548337
8854,2,0.7287,195.96217598033334,58.58312349063968
314,3,0.5838,60.23399075578453,32.714509920885355
1858,3,0.8311,185.51155134066545,62.27413192278185
8868,3,0.7444,184.14652000466626,66.74903655941802
9223,3,0.8677,143.47546090946227,48.620255949831254
4707,3,0.8708,109.3600414499675,43.8667776115967
8883,2,0.9279,1927.4382846338265,191.77142472357534
6104,3,0.9042,170.2833865195286,55.36542810479341
10619,3,0.6644,122.84721012784713,44.73232865829797
3040,2,0.7817,1201.484064678571,181.07058747052352
2160,3,0.8756,171.30403109394203,57.4678928549022
1455,3,0.8637,149.9471803467551,55.25036381330729
5155,3,0.6177,246.1238150280258,64.06528874677437
9814,3,0.8916,151.61570768291398,54.13731548491672
3493,3,0.8898,170.01779458776727,63.49942197515951
3444,3,0.712,97.08787899483993,39.623911281370944
9169,3,0.8628,157.01503022646614,54.304506346894115
3322,3,0.7999,113.56633388191744,46.95440449691375
7150,3,0.5339,186.62244227752737,58.529212693051946
10786,3,0.6212,182.23392397340456,55.20577134428882
8920,3,0.9063,82.07188666964927,36.25508281340959
274,3,0.8508,170.17113798963854,56.528366280104876
6064,3,0.7401,176.41399940358815,56.98848809678978
10023,3,0.5888,120.3198141631852,57.073347944361394
10989,3,0.6365,77.28988902957647,35.16791408999357
3120,3,0.8348,103.75376607861536,41.28808059408446
4897,2,0.8073,271.5289710392317,72.40046758222606
10779,3,0.7113,99.71156754922887,40.02642083282528
11315,0,0.8835,541.4741955549798,102.3461897814185
10033,3,0.8752,380.80664587285213,128.1698185510562
6706,3,0.8841,140.07683053563596,49.3529077734442
7418,3,0.8231,76.46963085240715,35.42606717903271
10999,3,0.8642,120.29094312796735,44.52271165765882
10769,3,0.872,202.5292596361931,67.65569391740031
2548,3,0.6861,154.17092840294495,56.55048312833629
3642,3,0.6663,130.3188194271601,54.33908692378608
3124,2,0.8789,1141.3635413712486,157.65211023189704
8924,3,0.8766,174.601313928853,57.87375104459796
1914,3,0.8025,149.57567203390877,50.99002102648068
4844,3,0.829,184.28377271649734,61.43179153426765
6510,2,0.8646,722.8143495891019,156.89897627023723
9623,3,0.7336,129.05426191506243,47.11451744993904
9145,2,0.7261,198.8329937181794,65.7891743679413
10225,3,0.6642,88.92454947120895,37.84271981267085
11675,2,0.7586,196.31323644050093,59.26147406544713
3326,3,0.751,190.5269121645237,58.742672991069355
5757,3,0.7471,112.30203568961406,43.852959427042144
9186,3,0.8551,115.44424654589251,43.64449890288048
9192,3,0.868,299.99863926110436,74.09142243784719
2979,3,0.74,203.67888406049303,62.5414550202118
714,3,0.8007,216.04571703635816,65.77104489418204
5958,2,0.7897,1245.8204390363603,178.0757061896995
2945,3,0.7245,157.63613926837132,52.774314372869355
6464,2,0.5471,177.523556374854,58.23387103796985
2616,3,0.7195,16.84367402461792,16.473175703694512
1337,3,0.88,40.78458869368917,26.273344414965372
7746,3,0.8056,246.54369711533383,67.28539523370571
1445,2,0.9093,951.8440066700991,135.39525521344783
8461,3,0.9012,278.57598156104757,76.62177498621148
5145,3,0.9017,253.91083967684511,68.13326442520184
7961,3,0.8635,175.14797699761687,53.21795224618904
890,3,0.8409,161.48690635045043,56.580251803115075
9970,3,0.8746,164.5405943045016,54.05311259556824
1492,0,0.7475,313.2893299755215,79.57205846899171
112,3,0.868,247.12695671433764,68.0924255116778
12036,0,0.7136,242.42588367743582,64.99401541603578
5409,3,0.8355,98.05998705118405,39.63518949861769
489,3,0.8903,209.11258713083689,66.2754314918018
8111,1,0.7319,52.67695021185003,29.126492643935155
6882,3,0.9398,207.02603238822655,63.66524626215211
7544,2,0.8147,1907.189843316276,220.15167738172468
5347,2,0.9145,2123.026514726866,219.748104269474
8850,3,0.8712,216.6062203893257,69.04162929269702
10813,2,0.9201,1040.059813195802,141.9873825991561
3051,3,0.7162,206.17175479717815,60.790229196861816
10152,3,0.5396,233.65840132566092,73.32757847815307
488,3,0.9389,348.7127216793613,77.4127908123141
8138,3,0.5005,114.47481149750476,45.8830115676964
6667,3,0.8379,34.29206179691376,24.014553160791458
3290,3,0.7193,181.4685518068305,58.93398902966761
1487,3,0.5867,75.30154786946925,34.72372871037567
7790,3,0.7959,188.56111699235217,60.97632748165406
7035,3,0.6181,190.82087282840777,56.135648958347446
3535,3,0.6222,281.19092865714157,77.29805384283422
7753,3,0.8234,171.7096897725138,55.054105688332115
1281,2,0.8097,876.6338903415176,202.45560083297912
5971,3,0.9107,228.34498677988063,68.42714435560137
729,3,0.9491,330.98850801137047,85.97685625706255
11853,2,0.929,5104.968050466794,317.1592325789836
1530,3,0.5714,112.2402192484312,42.73210249763726
11660,3,0.777,314.2365088248804,89.43891500997418
10218,3,0.8681,139.247013043313,54.62656311239597
12355,2,0.786,235.97736820175663,66.61989304714977
9150,3,0.6323,117.11182061834465,56.858819352144984
6505,3,0.6816,132.24021886893482,52.52216147597199
4879,3,0.8748,194.6402073006349,58.16430090331602
3870,0,0.7231,614.2337331190623,103.11402874507681
1726,2,0.891,1178.3635137667181,152.89750202659334
5540,3,0.72,190.3512045912804,62.323419985237976
4886,3,0.8175,70.65082010065007,33.80286868305534
1040,3,0.652,350.20614678575976,86.84055308627569
2207,3,0.9138,210.97763158551874,63.677592912422256
10742,3,0.6974,91.11076553145895,39.67429969511241
2563,3,0.8251,186.42273691615907,55.606649056449214
1718,3,0.9214,230.81194291347407,63.04714231095673
3127,2,0.7218,71.47849740336773,33.82809249356703
10018,3,0.7895,134.7925260313191,47.26458124349324
7355,1,0.6293,296.1958378268952,70.3249386072228
1724,3,0.9442,264.99125693394734,65.82315933979334
9393,2,0.9057,665.1023332339848,130.71523211518442
3682,3,0.9127,286.70159677422265,78.62619266460412
6261,3,0.7911,198.3273340886912,63.033450338650226
11886,3,0.8843,172.59001158894355,54.317955846591346
12343,0,0.7017,371.3880244229003,84.5218283971268
5740,2,0.7335,498.9106382742409,94.22989919917796
11110,3,0.8923,51.519527989445926,29.391123765131727
5967,3,0.6865,225.30120650207937,64.09776177550653
4489,2,0.9365,738.8257366759046,120.6380101320279
7779,3,0.8684,52.686546626728834,29.17861957258089
11058,3,0.8164,180.512931608617,58.949491671294375
8462,3,0.7264,28.507766555220016,21.625342230309965
1446,3,0.8697,118.97282753582203,44.546285019172466
5634,3,0.6437,171.97030450096273,59.612968978562606
1334,2,0.9153,177.4087251646662,55.482979199344626
9768,3,0.9063,192.78041981703763,58.99394131298051
7962,3,0.9126,322.03838134872944,77.02145767620186
3292,3,0.816,45.44616454895169,34.484311557310306
2198,1,0.5982,240.01857419299898,65.60387026803969
10150,3,0.8742,120.53104295569172,55.9467633335547
8890,3,0.8632,195.33026883965667,56.52484792000335
12035,3,0.8473,132.74626748081715,49.44113175962857
7235,3,0.9101,242.98265706995915,65.41301534448965
5422,2,0.6435,38.08954497808945,25.34417812532956
3912,3,0.6958,144.2736862997936,54.538647230871526
8847,3,0.8663,236.956423591842,64.25819615032732
3090,3,0.8765,252.56471819518265,63.57634153541757
10811,0,0.9012,596.5553329143239,151.1573483584496
7585,3,0.628,152.5925122879623,55.172061785436505
10804,3,0.5778,187.42831486788307,56.99912063356827
1686,3,0.8073,219.4121746480601,64.08912143491088
5386,3,0.9264,62.92035198295747,35.015318846298086
6857,3,0.8692,43.78709127968738,26.962492146300846
3052,3,0.894,308.7354462077747,75.2476473762137
6664,3,0.8709,279.2226660036068,70.53390456770165
10623,3,0.7855,138.00740703604376,50.95246236586368
6499,3,0.7899,244.05003740161905,65.65922293383466
7744,3,0.9525,424.01278351116395,88.40259321547208
39,3,0.7886,286.357370372369,80.61809446453287
11065,3,0.8982,197.47779938942818,58.57632945921392
4271,3,0.8657,263.8707061329484,69.23443528958211
6466,3,0.9225,255.71036427313123,66.55671595279344
10435,3,0.7535,118.88713678310891,43.62164743939993
6314,2,0.9503,1260.1094026588976,158.90029281271265
2953,3,0.8346,175.6495133406155,59.17106832230594
702,3,0.9302,216.45850438773667,66.93469498207828
1296,3,0.8841,225.06970964256556,66.61454425346663
3456,0,0.9272,193.17741313016577,57.76267821007318
5027,3,0.8131,203.93603439974876,64.7680152534004
2006,3,0.8378,160.20615698925147,52.04588325335986
4477,3,0.6614,184.86805339139002,55.38400591508867
6937,2,0.8071,582.6305803336194,105.00248604607017
5580,3,0.7163,88.03518094028576,37.57864971969423
266,3,0.6813,296.60343842094176,82.92566563748872
10780,3,0.7152,160.52655953498902,54.47094572299865
1916,3,0.8707,90.343127362739,39.63546047919288
1719,3,0.8844,120.57070666406747,44.50848043126627
6076,3,0.8603,113.97825054790319,42.7152456978603
6062,0,0.5798,94.20464719235173,38.99487378667712
10718,3,0.8781,261.95109439232067,68.94180749570509
7455,3,0.5901,169.95563693076463,54.309930489072286
3155,2,0.8658,466.61322649789065,111.61720713227186
4160,3,0.8846,208.76299211038702,58.75426727346236
4835,3,0.8581,226.5149744933935,67.63183722340065
4821,3,0.6106,1248.3249126889812,205.99883591211673
1781,3,0.9496,494.3294171436263,100.06223930601446
3425,3,0.8266,179.7587429556385,54.774716052220846
9108,3,0.8645,145.39829451883094,52.963204243535735
10268,3,0.8005,255.7766329132906,65.4181173324586
12325,2,0.8601,43.62229273110062,31.598133176522495
10532,2,0.8299,349.2889441176579,81.45287695357739
5097,3,0.8447,89.30626932407013,37.81078472548769
3380,0,0.6296,1321.0524643675426,173.8832381333208
10283,3,0.9098,27.768358685030083,22.234879601812988
7864,3,0.6344,117.52367001443957,43.46180073101158
1420,3,0.8574,95.42850204478853,43.64303457791662
11770,3,0.9404,354.1529147803681,89.72731581982765
4558,2,0.8149,2318.882326410246,353.1150049969054
11002,3,0.7764,246.25284826032407,68.79499938952334
76,3,0.9008,248.94344060480336,72.52473854274649
9726,3,0.9102,163.42514987919023,52.258942529546154
4564,3,0.8309,206.267931757258,64.16958671036448
4570,3,0.9818,505.39820901548705,103.24118473480931
611,3,0.974,389.79234599822865,87.85770430974425
7086,2,0.8936,187.05678548084188,56.97872281046884
5849,3,0.8706,91.41927987259388,40.084316016712364
9915,3,0.835,99.07116325306508,42.29068426255463
605,3,0.8644,235.03194238736387,74.81159980947679
11957,0,0.7538,173.76173079364588,67.73633946828262
5444,3,0.7584,93.23974507678219,40.941896854007936
1622,3,0.9206,313.52121130272906,76.23780676373732
4028,3,0.7291,299.9996881796122,81.49349063992213
8174,3,0.934,262.2611356661275,72.05058549591294
4996,3,0.8954,298.93563031391835,76.84074976011942
4014,3,0.8737,73.3383826850149,35.205064947110735
6830,3,0.8031,339.5895001499157,80.84492963399542
12084,3,0.9114,164.44639081917384,54.26277728395543
1805,2,0.5118,52.98945178858265,29.849262607374705
12090,3,0.6471,92.29596542768746,38.48279613926529
3975,2,0.6689,207.50014678962287,73.29695744670171
10862,3,0.8971,191.3241371027135,55.386242624822756
4015,3,0.9247,350.0196210521023,80.61349665877555
12052,3,0.6889,167.89934035830294,64.51234928967627
6164,3,0.8386,162.08150578671402,54.01084018528599
2302,3,0.7071,114.60992302610671,42.91225857748625
3746,3,0.8741,79.86837134772973,50.53199686543485
2458,2,0.9083,328.22020374014306,82.88180715482899
3752,3,0.6856,269.1073871398858,81.70338423468537
5860,3,0.8994,173.97930326389599,59.90317091195546
610,3,0.8798,429.3904186382226,97.6955859720272
3578,3,0.7706,29.503039048344817,21.88774420291553
4203,3,0.6475,206.15448019743633,61.90634844071799
11995,3,0.763,126.50341747046717,47.164697700767555
8377,3,0.7764,96.30685802011514,40.90113189519457
11003,3,0.6021,35.663124194625524,25.320776930389336
2921,3,0.9132,225.3908933936963,70.5979186353785
2706,3,0.8151,221.74524352478045,63.307640725826914
2060,3,0.8352,317.19996359018677,73.05158859515252
10269,3,0.8342,230.3355979858966,61.94548023389996
8571,3,0.8678,117.74673994478732,43.62396160453609
9486,3,0.849,192.5921481825795,62.49341730399155
9445,3,0.883,111.51295019150595,43.884229810016436
12126,3,0.9311,23.899620411668288,25.40978073080563
10725,3,0.7134,67.64785264171654,35.75550819141861
6004,3,0.5494,114.12298770089254,53.246809742697224
8029,3,0.663,133.96776349675966,50.05509826391787
9451,3,0.8006,161.88922029747997,52.11841339005712
2504,3,0.8638,58.25561621894977,32.1408767407648
8767,3,0.8676,171.97108818744005,57.46173468836966
10719,3,0.7871,189.5594155523666,57.251027407595934
6986,3,0.8308,148.17436862746595,52.97286103864704
12118,3,0.5442,110.56066680217526,45.88217317758274
1033,3,0.8889,325.90786568880173,74.01473413332039
5533,3,0.7251,323.2889779414389,87.30679138919744
9309,2,0.8491,3612.011560326732,335.6508926389354
2512,3,0.576,61.83635135697593,31.46161865217124
1769,3,0.8864,109.37723148164413,43.54397583097705
10727,3,0.507,107.73657108676764,53.4078089244452
216,3,0.9711,389.8518299502264,83.79604508597305
3181,3,0.8939,138.60251639993422,50.533871657634364
558,3,0.8492,239.69738333378632,71.15734919161898
11613,3,0.6959,153.1143406454851,55.925959034238346
1557,3,0.8873,57.93396375222255,30.484001114769654
9123,3,0.7134,93.1131592216673,41.18036894396019
3368,3,0.5214,102.55623811170331,41.04529922826248
12332,3,0.7298,108.55232936212214,41.7087485229838
2089,3,0.9333,237.8052989449198,68.19283216361555
11820,3,0.9058,157.18815737239643,56.16456190839199
5916,3,0.8131,83.18885033882012,36.92832253960672
1351,3,0.8105,313.5955171209172,89.07186857657194
9057,3,0.8678,150.1658906025151,56.957511803607446
2102,3,0.9282,269.0546652161221,69.66840242939627
11997,3,0.7905,159.05221441704856,54.31546309873531
4567,3,0.9584,368.40448596732324,92.75651833987158
3585,3,0.5812,153.1105158528099,54.968232430559866
5686,3,0.6054,177.6566894694451,58.33995859848743
1621,3,0.8521,158.52508072457985,57.86041965344228
9533,3,0.7619,165.9590491883279,58.56315370674902
10121,0,0.9382,247.6535327300033,67.87769723234547
6199,3,0.9164,279.36571602405263,81.8728825367654
3787,3,0.9018,209.78082332169836,61.963420821677104
9282,3,0.9516,270.2202114796321,75.05427497101185
8823,3,0.7902,136.40955950425845,52.540860561526756
10849,3,0.9065,145.6756067224104,49.8385582595006
377,3,0.7202,161.2426294087821,54.32353456032284
2498,3,0.8281,207.65088102398508,59.400652991524666
10134,3,0.8429,127.84962978769822,45.87589844920129
6173,3,0.8223,163.2527703233464,60.1076441753902
2467,3,0.8867,470.2387339095642,98.10144326522833
5308,3,0.581,262.6557933439009,67.76315307987032
8162,3,0.915,159.9175333098706,53.51565271513126
11202,3,0.6836,109.11734248878015,42.33935561331212
12284,3,0.6478,85.11457274037953,36.92970972543257
11969,3,0.8261,89.84160237085163,44.4000015643563
2856,3,0.8319,244.96506938706128,62.664763303176464
1387,0,0.8137,505.87301920445935,102.02413748021459
3584,0,0.5937,529.383072834187,102.90625133565489
2103,2,0.5012,1341.8862416992067,205.26828330065382
11772,2,0.6602,2627.332099214002,283.7853067726838
1422,2,0.9129,151.45274936988707,49.3229270003006
11000,3,0.7049,97.9651771889124,48.95164731741815
983,3,0.5073,291.7406777027837,79.92901583284716
997,3,0.9336,312.83952543352507,75.17857696922675
7872,3,0.6247,647.4404249290533,120.77952289615904
767,3,0.8866,206.3413459035181,61.509395281644274
4374,3,0.8823,161.48169846334633,55.185736555223215
6563,0,0.6155,599.151225114102,117.39516777492216
5718,3,0.8813,206.26412967429223,58.54164893005685
6211,3,0.6036,13.54402570038816,17.78149180317254
3341,3,0.6085,52.867491560283185,29.110041983016885
11174,3,0.8942,121.78660343332164,44.96110084872351
7133,3,0.9039,236.87890510568675,65.49026467368262
3802,3,0.913,153.6685490143464,51.04943303806647
559,3,0.6614,170.90922876227273,53.887009995998135
7480,2,0.709,6176.601883091698,693.989040440465
203,3,0.7245,224.11222345620513,65.39615153892126
2513,3,0.8265,217.66184843583173,65.47557504041623
9446,2,0.5291,134.35265741769766,57.456000977607296
7325,3,0.9514,255.35734228779876,65.76237447710687
3157,3,0.5135,275.7881613059993,81.22434047673744
4172,3,0.7612,72.19792392890099,34.07060854348422
7321,3,0.5237,38.15738022147524,25.525484874483514
7447,3,0.898,142.22236911308093,50.775288926833625
9495,3,0.6596,39.898845617782584,25.36818563943452
788,3,0.569,200.8694933767112,61.87785366170842
4370,3,0.5771,193.32936652944176,67.96760048110555
11158,2,0.7786,19920.541552420953,664.6172935555879
10508,3,0.9138,251.99485478658542,67.43892905494185
9683,3,0.61,12.535712379095582,14.644376277479015
993,3,0.9279,328.5752949197404,79.04920495446451
10291,3,0.8583,298.91317853934265,75.67410294598136
6598,3,0.7537,97.32645927367214,40.6930317739816
6361,3,0.891,106.88191101825629,41.80835283491713
64,3,0.8754,227.70710414837347,64.11765094901409
3225,2,0.6862,27.678168915921965,21.654249748221982
58,3,0.8813,176.67763443082492,55.03194790923017
11004,3,0.8123,312.82457165507674,77.94152033511926
5126,3,0.8283,227.49984606962514,65.70987896079268
1340,3,0.9181,264.6574844569381,75.01129979921174
9085,3,0.6405,77.6477593260372,36.064297335176846
165,3,0.9375,429.92425947162224,86.79052634509627
7080,3,0.7528,189.49765475729532,58.7841686402555
9907,2,0.7427,138.96719842635633,48.90973172591003
12055,3,0.9264,311.4289666232836,76.32082243504455
2311,3,0.854,85.77807410924363,37.15510216093839
3999,3,0.9398,193.2608870752334,58.526310370345435
3741,2,0.692,715.5598920165473,133.66440062394776
10681,2,0.8064,1012.2551933222969,150.38537007599467
5495,1,0.8066,36.04036851163285,24.02832108041359
4953,3,0.6009,148.3529211415981,54.97248253281623
6188,2,0.6363,1106.830998777495,141.28578949811924
3783,3,0.8597,120.19741342799458,43.89671901580482
10694,2,0.8771,72.20252652504506,36.950580124061815
2476,3,0.5707,177.63697987377213,57.14451143460016
1396,3,0.6053,126.65739593605804,47.63338177349809
10496,3,0.666,164.3728557830393,58.33929189867024
9084,3,0.8002,140.49480167787027,51.60837306062592
7903,3,0.7895,161.8578958505671,53.645731805047326
11011,3,0.7752,181.7475132952617,54.90292861975968
6412,3,0.8829,223.15081210651044,66.32427312942158
12256,3,0.7478,141.34348039801947,48.09922537609035
825,3,0.8724,188.27719507038742,57.161749510849006
3393,3,0.5436,113.94506452856734,42.731877355619325
1584,3,0.8974,279.20207460040353,77.09180990825075
2933,3,0.7951,74.75952684068741,42.28692782616474
8588,3,0.928,205.77895582403409,59.91887537626786
1235,3,0.8082,157.67279435910186,56.11834471899344
5735,3,0.8026,309.55295596701785,75.67546177110987
6228,3,0.6502,177.24411978976192,56.82102384892238
11159,3,0.7117,70.83273470944543,34.0896358178149
1209,3,0.5149,66.5268735387341,32.72147265862964
7678,3,0.7028,99.63829624652746,44.26070574965095
9127,2,0.7452,2781.624456211279,237.92878435150323
6943,2,0.9589,646.8070794886717,128.45053086921735
4198,3,0.699,39.504484836053685,25.32705219220925
9480,3,0.8993,173.75137119536146,52.739642923432534
8013,2,0.8187,1988.7788427415871,334.42968653609745
8991,3,0.9056,238.6468837854197,68.07228517512105
1779,3,0.9086,130.0450338575698,46.73119604805083
4601,2,0.9127,52.217822529025035,28.93814530530449
4617,3,0.9044,243.2520822777787,71.93041227607185
589,3,0.9071,170.83441523339425,55.42950395236766
4165,3,0.9092,196.01544777489676,60.32409018586332
6982,0,0.8666,940.5261398063486,200.61834153008084
3622,2,0.7054,108.46666330795131,42.10000159945892
5521,3,0.7572,140.50980549378446,47.54145841254339
5247,2,0.9132,620.9192873921833,109.35633467767084
7450,3,0.9269,321.80145787487805,77.2366614202804
8950,3,0.7737,176.4455917677413,55.656711766524225
3811,3,0.8905,66.31653939004073,32.74081032226927
10090,3,0.8134,163.45642323594555,53.76007480329457
6969,2,0.9373,13183.17786853935,523.8339825176425
1948,3,0.8524,159.42138669613416,56.281341228741304
2702,3,0.8955,98.54980741504745,40.07671392764745
10251,3,0.8695,302.1616408931393,79.76781764868197
1551,3,0.8797,227.9603219861795,65.69173857476208
3420,3,0.8501,110.50533993604206,57.512734932270774
11826,3,0.9149,229.52016921913125,66.67498322812658
990,3,0.8094,229.98999592209998,62.50192896454874
2931,3,0.7243,177.49231602121242,65.30066647041063
5086,3,0.576,81.55586534331746,36.24738547603083
10457,3,0.7809,69.74852109321996,33.840656467700434
6376,0,0.628,543.9870824192252,104.23213812400137
9045,3,0.8158,165.21160157077594,54.97758691620296
10325,2,0.6076,320.1963298831774,88.65453633288135
12254,3,0.9189,177.73856068324608,59.01626446370689
6362,3,0.7835,166.67075954847192,51.6405030100298
5643,3,0.8502,162.53453171763385,53.83812926962693
4549,3,0.8378,118.76979147159982,43.62572454026755
11761,3,0.6888,184.0151303322284,54.641820563257724
12283,3,0.6735,112.56239661577789,46.134632615416876
9938,3,0.9231,12.60697303225561,14.928963179508278
600,3,0.8855,310.91514137609255,79.2934735272655
10133,3,0.7838,156.8956524087385,55.377363286945645
4763,3,0.8915,112.6118816671921,43.40056497879837
10655,3,0.8255,303.0062897381289,74.57219271437432
4777,3,0.9063,302.9438013751329,84.78872022763402
6160,3,0.8594,263.4666417086195,75.70363876728486
10127,0,0.5214,301.95732398354124,74.04590857819275
7530,3,0.9087,169.6951777057138,55.825023147685776
3756,3,0.8629,609.7959756825587,99.49641569574656
6820,3,0.9023,381.35271858228214,84.27155800254113
1197,3,0.686,175.61717592650135,62.13504555171987
7294,3,0.8453,248.5262613862646,67.36700590993632
12094,3,0.5053,15.055832733601223,15.580591186805915
4992,3,0.9187,214.6557512159445,62.77418815170347
3757,3,0.91,255.8791050396383,92.34761607753505
5326,3,0.5824,121.77423862259471,48.290253888738484
1140,3,0.9129,195.8088227925466,60.1357288720761
10668,3,0.8655,132.05429562816232,50.45536472092695
4776,3,0.9221,322.5852661670745,77.6379802644426
10126,3,0.9178,208.03336588322287,63.15807330352783
7519,3,0.5313,138.1469856053151,50.09410980120988
6613,3,0.7326,63.04053766987801,31.778681854667003
9520,3,0.8533,201.1507565089832,63.659305114911604
1381,0,0.9456,997.0811935220768,149.15079080245786
7727,3,0.8666,140.4952858674204,58.7054350181089
7055,3,0.8032,156.8766835284325,56.11587887856626
198,3,0.9859,198.81710034666688,57.10324372568603
3569,3,0.687,142.28941150319858,49.45514382015871
72,2,0.7835,288.885685531362,74.84626246921846
7848,3,0.7721,51.57004694352192,32.039346791911136
5939,3,0.7117,208.94237188666676,61.00808298202682
1587,3,0.703,143.9253053525603,53.153483509989215
2924,2,0.5165,74.77395486494855,34.9556420919372
952,3,0.6971,213.8158544577797,64.59402634528253
7109,3,0.8404,172.4676113859197,52.530862619200406
2703,3,0.8613,194.09011873860763,56.570161551705034
577,3,0.9545,176.51139297322334,56.00893961034937
6968,3,0.6564,88.72556299067766,38.16520675306697
5520,3,0.8727,117.16167470350155,43.637417091146105
9468,3,0.8497,257.18647968326576,69.93816110679064
588,3,0.8678,230.78175227524838,71.8212406607137
3179,2,0.8688,832.8518521757139,156.87652613109182
6018,0,0.8183,402.2705517838439,85.96192187522846
3606,3,0.8303,488.7438207607149,124.21797955136154
4633,3,0.6918,202.18070548214212,61.445374869954875
2524,3,0.7953,95.29872566543325,50.05002963335725
11369,3,0.7605,125.19125095232712,44.755806638167876
4627,3,0.8844,172.13852384875915,55.89067019136621
10088,3,0.8825,160.10021384195278,56.62815812480069
6781,3,0.8461,357.2074800917271,91.05613687158827
8551,2,0.8623,1101.4451671095442,210.6240580494141
3362,3,0.9313,91.34309848882305,38.86298683190438
3376,2,0.5887,170.58933093372195,55.16130453462535
3410,3,0.9182,203.11543665586754,62.717624542885446
793,3,0.9704,314.65608937426646,89.1641597405528
10261,2,0.8393,596.5171924131561,126.00541421400354
9115,0,0.7144,204.89176273329423,78.89256923126614
11619,3,0.8381,98.04054542237421,39.779948753569265
4343,3,0.831,178.62892268444236,55.83957489440641
750,3,0.8336,218.2177456381459,65.0147471881392
988,3,0.8699,256.40890035731957,67.09469235650178
2083,3,0.9124,104.02867767909262,40.95964009161803
2097,2,0.5078,142.198463728648,49.384514113241046
6597,3,0.6955,96.43886743604793,39.799057427523536
8425,3,0.5472,266.25677886238157,67.69870674976293
181,3,0.8907,610.5433397354108,128.8600604687118
3202,3,0.9359,522.9958227588173,109.39633995987269
9075,3,0.9273,165.30996415254282,54.09992508412758
2646,3,0.9721,177.02657023863125,53.280828375852835
6385,2,0.9198,543.3776216598999,94.79832663076466
5854,2,0.8179,324.6400538176838,76.06999902788127
8627,2,0.8421,1547.5639260899984,216.74364398475686
9539,3,0.8419,145.2406473978273,51.421723024062686
8633,3,0.8858,251.6448043563192,66.58638447532923
1171,3,0.8374,123.49721309158254,45.0554633562727
10659,3,0.5104,161.61301482262385,56.981921620853335
7266,3,0.8992,191.61333940152775,58.33288478774948
4747,0,0.9446,641.746992722382,134.5302620355909
2444,3,0.8685,125.74347667627957,48.099699572505436
4035,3,0.8683,598.370106242747,116.45718745478806
2322,3,0.7667,268.04529286537735,68.80114881075009
432,3,0.9601,373.05635438539804,90.6605169757021
8800,3,0.7556,172.19173586705654,55.1730844740288
3799,3,0.797,134.41178607184895,48.7567818029309
5458,3,0.8781,163.91536590942454,56.75901655271046
7529,2,0.5046,274.40115775938216,75.64474266677219
5316,3,0.8818,250.64325636018745,77.93630111004694
1616,3,0.8242,81.0117472049152,36.067292908537134
5464,3,0.896,140.68128994041382,51.15906109183788
396,3,0.8859,229.85720506153197,64.92776395089633
11977,3,0.9138,123.67923053722308,44.49178295816174
4587,3,0.8867,179.29402604947808,60.876830282992074
157,3,0.8219,324.2072385607354,88.7800094518995
2121,3,0.8221,88.79380589083239,38.103365504851446
3559,3,0.8934,180.4265475762644,60.78492368214633
42,3,0.6264,246.00284039704638,70.34836787309709
10472,3,0.8855,103.47216114958671,41.869267223952846
3203,3,0.5322,16.036965499675006,16.01850037115657
180,3,0.7008,143.54107072636467,50.733177300747386
11750,3,0.956,115.02735311733906,43.18809317035978
3388,3,0.615,56.72338420639842,31.343077826440428
11817,3,0.6896,121.74567084288313,44.95352438217558
4395,3,0.8649,154.95907243527114,49.880734784468146
10260,3,0.9331,431.13040123633573,121.11308686338592
5706,3,0.7163,33.48317243990856,27.304888280244533
3377,2,0.9594,3334.1044441343397,325.0665225968339
11630,3,0.82,130.6480174658679,45.749666357659954
8222,3,0.8155,118.26281809094098,46.27097292741356
3363,3,0.8596,256.8044506924182,69.70710776278389
1945,2,0.7102,425.49586888621866,126.19650770232084
4197,3,0.7329,264.10562706335725,76.05910340636773
6970,3,0.8122,606.3890419482777,109.96148229126383
10937,3,0.8704,175.9000449767983,56.96852014476321
4626,3,0.8706,144.93936520727118,49.40547163547417
1776,3,0.9221,315.98560454782825,75.47050745928635
7307,3,0.5333,67.42459210305904,35.34154230113096
584,3,0.8311,224.5987735492502,65.0524545216121
2519,3,0.6693,117.62163218830247,43.55789861428617
1006,3,0.8703,182.9888213528795,58.4600517733286
7339,3,0.7788,139.638868007461,50.799796627617894
12111,3,0.8896,85.32740496550484,37.45595339804521
6972,3,0.9568,314.7848436986145,81.54269944558808
6796,0,0.5056,81.83699991531434,36.98353214036844
8977,3,0.8963,137.96419045647116,55.22179518877151
1210,3,0.9019,161.43102309541467,52.52393162121761
7649,3,0.8589,169.12137325822715,53.23333107530412
4426,3,0.7981,205.92412618342644,61.19230167985337
10504,3,0.9733,16.04904235065467,17.372395550295156
2094,3,0.6888,1384.108988419155,222.61344352488885
1589,3,0.8919,213.21115259748555,62.73434835491493
5089,3,0.8664,78.69299261414233,35.57893353280083
7067,3,0.8407,19.881422704378377,21.07237236556684
6379,3,0.8339,620.5167490962424,128.98298367082072
3201,3,0.9292,374.47005483089316,88.72958187670058
1402,3,0.8742,167.17245551344286,55.206437418316504
10302,0,0.6335,417.5983667545287,88.06559537525041
10464,2,0.5247,84.81683353975285,42.5010024837841
4552,3,0.7882,129.81246890188365,47.642157923249236
9076,3,0.8169,270.583225680884,74.29803914665821
4546,3,0.9226,36.652529977883674,24.420878917004707
2889,3,0.875,182.39072153418965,58.730256607878594
2862,3,0.9063,131.1102910942588,46.76338545672789
83,3,0.889,210.8498599600635,63.1587247167451
7926,3,0.9135,306.86325789512443,80.15201730306971
5314,3,0.6444,107.08413655809935,52.64632765397452
7259,3,0.8567,80.83783084659352,37.35126370797136
3981,2,0.9258,989.7172214988865,129.4781803848275
6621,3,0.8998,51.122137938710964,29.840117900426478
343,3,0.599,280.7367815496116,71.70987912884938
357,3,0.8311,280.4822104522604,73.30069827065321
8803,3,0.8812,145.61940003800137,53.00880536300181
1827,3,0.5772,156.23829582429326,73.34236471581542
8802,2,0.6661,1661.5570862822603,191.51108802688265
1198,3,0.8968,171.8010514653857,59.85557480596833
6813,3,0.9014,164.34124075433945,54.54776106803551
430,3,0.8766,204.66720492434584,61.429671716823705
10854,3,0.8458,208.74182047045977,61.875128382336584
11579,3,0.8996,202.0766663052855,59.191987432909016
10129,3,0.8195,139.77983279741773,59.14730916472379
1601,3,0.7934,209.20541518321645,60.56658341280915
5473,3,0.8548,147.25483765987863,48.54073575523268
8631,0,0.8658,1050.865376091677,171.81021551239775
5842,3,0.7034,193.27483671115874,61.06358804153202
3599,3,0.7651,156.04839262910568,51.873429093045324
2687,3,0.8478,151.59922898889755,53.65814424120903
6387,3,0.779,220.01210888584671,62.95536561142175
8382,3,0.752,81.44980852759248,36.50273367422196
10303,3,0.8748,76.5783832466949,36.313432597931964
10465,3,0.8228,112.95118307279994,43.643257564970924
7714,3,0.8309,120.58021727559385,45.02341792368669
11828,2,0.7983,1106.92537249286,161.4494153648919
12312,3,0.7164,28.667262718149647,22.005733661998693
6556,3,0.8352,31.71681094224589,24.91294563392499
11141,3,0.9027,410.0203715962677,100.22093610839501
6783,3,0.9107,223.82323500066354,67.19196828326301
222,3,0.5298,354.0850266665809,87.30216477444107
236,3,0.8679,310.5997389818216,75.45160754444814
3638,3,0.8081,147.70258024433974,58.337305685863384
11419,3,0.7673,57.925909441427606,30.46133166390726
4143,3,0.8031,230.5748835596353,62.48025389048263
11343,3,0.8628,316.8511112820089,76.867315616019
11425,3,0.8121,52.70758169210529,29.17499286577999
1775,3,0.8644,121.59132652019426,48.34013703513443
4619,3,0.6979,294.01212619682855,73.04181428467518
6988,3,0.7758,38.03570532197422,24.918274512505498
12100,3,0.875,84.68403479456863,36.93542461103554
6022,0,0.7651,234.90921567975624,61.86687362302604
8769,3,0.8833,286.03783384373907,74.52112320342833
3614,3,0.7794,75.65283379867135,34.97287023393047
5503,3,0.891,297.3296097128869,70.0866028245502
11347,3,0.6019,134.56421880311584,49.58721752146268
583,3,0.7978,302.88697295035786,75.34731891775807
4190,0,0.867,660.9971237916611,146.32946492131296
11384,0,0.8903,206.95216843454267,59.0331910544757
6234,3,0.6573,173.32522937838857,61.018133688322216
8543,3,0.5144,149.427042644183,49.88607001924301
7664,3,0.7015,41.67882186085721,25.823700141799137
5715,0,0.7612,181.91827360582081,63.229053203183796
7843,3,0.9172,234.87225898908557,65.07555957522545
11804,3,0.9013,201.64452518037328,64.5610752543869
2654,3,0.8146,212.56232404621264,60.47003398240054
6432,2,0.8658,572.3320510574495,95.76672259750227
5885,3,0.9048,123.86411757540247,44.52502119464498
5113,3,0.7516,196.01541142655702,57.899799634892574
193,3,0.8962,71.14590844273734,33.84991454326904
6383,3,0.7023,107.46852535138191,42.95397955328812
4594,3,0.9285,145.40260432967463,65.996883756196
5852,3,0.8185,110.73909905689247,43.63593349326413
92,3,0.8623,310.8111747445803,77.468968811236
12074,3,0.8423,204.50392152687365,62.37689478489429
12060,3,0.8582,241.24806274504652,69.45216273049753
2456,3,0.8616,395.9400445102135,80.26354207261545
3760,3,0.917,206.94840168297122,60.357863688106995
2318,3,0.8662,101.6766213503913,40.97148712653919
6181,3,0.7946,31.209214903729446,25.35079637219338
353,3,0.9565,325.89690989921763,79.14164136483166
1823,3,0.6299,87.93616907025685,38.25180956363808
409,3,0.874,224.32258537010458,62.432597447205424
8813,3,0.7903,104.05270108955847,41.64281045778819
10879,2,0.5048,1152.3468706998535,173.3455705714294
5462,3,0.8812,75.32352575896587,74.18179458469383
11554,3,0.8482,224.87576676507155,63.88071556879711
12049,3,0.9552,428.8558343538347,109.47173747827404
5476,3,0.8971,258.3023850874863,73.02673127046059
10886,3,0.9213,138.62835650176822,49.272070032460654
6143,2,0.9451,1312.9690092493418,208.53499192673536
2872,3,0.7821,83.38702148678766,36.728688267481125
8387,2,0.9296,1162.424129399398,136.9052957665145
623,3,0.911,171.0569783726918,53.2042620079052
8344,3,0.9089,203.9836422123888,62.360074674516625
3211,3,0.7697,65.57450180196705,34.26732922093773
7063,3,0.9219,275.6706899255445,70.35026569493705
5112,3,0.7536,260.7080452507983,70.71555374856652
50,3,0.8235,252.02967677635775,72.08659518136132
11187,3,0.7083,115.50107031770324,44.271875615162585
7842,3,0.9049,193.09707778387983,58.39391750889742
1214,3,0.7131,235.12980866874275,64.08899186378332
5714,3,0.69,100.30676029873459,40.2771977658519
794,3,0.9407,222.10855182925732,60.68769669614985
7881,3,0.8808,122.04976149276229,46.13511752389806
10266,3,0.9058,218.05251911584793,71.67622024747055
11385,3,0.6937,266.25667479718044,67.76174152804896
3198,3,0.9315,333.8541401548685,76.41068952112053
8032,3,0.5572,414.7379620201639,89.13104166596555
8740,3,0.8946,181.00474122707553,55.85639577337828
1994,3,0.794,306.39385770111306,74.14182585814137
10064,3,0.8744,170.50519615540833,55.37183860044963
2537,3,0.9031,202.57818856836232,64.47322332943084
10716,3,0.913,180.26281790115598,55.745035844496755
7459,3,0.8983,142.22883408879616,51.86906957137011
10066,3,0.886,147.04568700558576,54.269850126738625
6035,3,0.8622,163.53319794989494,53.78385935025413
4622,3,0.882,165.298541239438,54.269365663172636
10072,3,0.598,243.83336389062978,64.349934852678
8756,3,0.8367,102.96108691674421,43.135164837329114
2509,3,0.7777,198.0154683642434,59.03511234031321
1955,3,0.855,331.88861786601683,79.28540388898838
4839,3,0.889,199.10070793157837,62.08081011634362
8959,2,0.759,1665.9784883997459,202.9796033035084
7883,3,0.9122,230.85396971299036,66.6923349446706
4420,3,0.7512,239.49844885402467,64.5025975559883
6237,2,0.8836,741.7795437911398,113.32714204627882
6579,3,0.8108,146.18912332248834,51.31408845624135
9886,2,0.5286,520.4518655613913,92.138564901108
7698,3,0.7128,252.6586156378585,67.25945426357517
2092,2,0.9408,3373.914549376963,289.9102720213381
9845,0,0.8276,982.8059798356985,238.8235466654624
12261,3,0.7676,197.43756371033083,56.783108636676026
8420,3,0.8226,49.98069053221476,29.40812648638854
6394,3,0.8986,164.88070754823377,55.338060724448695
2864,3,0.7857,200.4991325733033,60.57483108457628
10106,3,0.9191,195.3895273855674,64.95975667713601
8150,3,0.8208,223.0867987560194,68.29773467482747
5312,3,0.9166,316.90269683651184,78.70116747291613
4959,3,0.8777,254.486589145303,85.60311095686487
4781,3,0.7177,103.78344821761965,42.22550513284794
8192,3,0.7381,156.13607816518393,52.069522294477544
436,3,0.9024,313.87476790762196,83.2558659632657
3945,3,0.6265,260.73668871944074,70.5324987030123
8151,3,0.871,178.19624547404658,61.409108619269674
9529,3,0.8509,259.9126130919216,67.486353372663
3776,3,0.815,94.9105658854333,39.8163749499698
4019,3,0.8045,214.0930074329923,61.407546513999236
7538,3,0.7712,73.57477001547029,34.73374420634277
9924,3,0.7196,298.24450135913037,85.70402257590712
7060,2,0.6843,793.8795821862618,148.37278663799418
8421,3,0.8191,169.79504568309122,58.0734425780382
47,3,0.8893,445.6742268691546,97.29716458370802
1,3,0.9593,300.02804169728836,69.55997360361869
2130,3,0.9115,38.62885872985931,26.24397756444707
9703,3,0.7327,121.3897701842653,45.43806880304457
2656,3,0.5043,249.38381320295397,84.88166237131435
2911,3,0.6955,57.66047800962635,30.432285918401185
998,3,0.9136,291.6016951420407,72.79188795046832
5924,3,0.8962,145.23936935951974,54.74778406594747
7699,3,0.8904,167.13496251927359,53.383333671740786
6587,3,0.8428,147.59666699669853,50.76067244059077
5071,0,0.5443,403.67857339534726,85.53812245490553
2050,3,0.8258,114.43176819892857,44.78323103035522
11609,2,0.6259,107.8525390285981,42.29399354032675
10503,3,0.881,279.39202133173984,73.24246867042585
2044,2,0.8871,742.2020166365635,128.3590131788706
8780,3,0.8653,128.82664723810467,46.374352381405686
1968,3,0.8686,184.1287175711566,59.74469974049719
224,3,0.7637,307.44008860661523,79.25672159727307
5298,3,0.8196,106.57273099275031,51.34772546568163
6785,3,0.907,167.98527618377472,57.36880043589109
8743,3,0.7025,12.677889778196258,14.449826600662462
4145,0,0.6616,294.91522617648377,70.7914535498983
2520,2,0.8348,140.4252284949165,58.82076711233323
3158,3,0.69,117.49251528193389,43.42339572453937
5529,3,0.6879,163.66205286219827,53.84383029820344
2246,3,0.6247,89.17135382978996,45.80159568226765
5566,3,0.8556,143.18952428112192,48.06300410323904
3671,2,0.7687,340.6814737753547,123.46138909251648
9360,3,0.8926,151.94102080202322,51.175347016365166
6735,3,0.6057,257.8870336019461,100.51369697584562
10941,3,0.855,73.57488097500561,34.319025413822786
4863,3,0.8376,116.50498885378133,43.329546477035635
5002,3,0.8933,109.11624858598196,43.630857177401516
4452,3,0.8967,170.39271801174945,59.39004140266183
10216,3,0.905,329.14608290010096,80.2603440440863
12367,3,0.9615,260.4102102833685,67.22525462701077
8297,3,0.8978,256.85186678919166,66.81260151475774
9823,3,0.5658,158.90374100031764,52.94824507470351
5943,3,0.5251,297.905539849266,76.09494809577609
5638,3,0.5042,143.25784680885093,52.6381051248255
3249,3,0.7087,70.02572232424592,35.13031473192239
12207,3,0.5453,44.78336591869174,26.917259433984764
9764,3,0.8141,66.9739546344583,34.69916941060675
874,3,0.8292,161.30324259334682,54.27170164180984
11068,3,0.6325,85.13208483904029,36.93350896344309
2625,3,0.8672,218.52327586406253,65.23996105919815
135,3,0.912,203.99801085816048,64.42989976675126
10148,2,0.9368,193.40401891847137,62.67854360387621
4718,3,0.8071,163.2181799432268,54.30955863557347
1660,3,0.841,242.86370006915018,66.30128755186054
1674,3,0.9551,284.3587446834234,70.60769562721275
6133,3,0.7947,99.62551894798844,46.90207733526542
6127,3,0.8644,198.62775255486116,60.082236446278316
2427,3,0.8569,259.9501327056497,68.03696578092672
6866,3,0.8565,220.3560886042723,74.55421943201794
7588,1,0.6687,256.0104992853186,66.34575858495941
2383,2,0.6297,522.9322855234467,104.74676050770856
4080,3,0.7857,71.31542050991854,33.829655570373504
8686,3,0.5593,424.32358088192296,129.66436988744974
10613,0,0.6736,227.85489408633134,60.98454869921232
1675,3,0.8805,80.2917778449204,37.38142136053405
11243,3,0.8696,31.08350548149176,22.482450228702714
11257,3,0.9253,247.88069489700425,63.61345039098573
6481,3,0.9021,133.4962141160813,47.62412212803333
2803,3,0.6391,97.10617847539038,39.417306921558264
8484,3,0.8722,179.03414900469568,56.906443883194854
10363,2,0.5927,171.06257937554048,53.192644757512284
9017,3,0.7378,58.26791781530924,31.174707031596512
6330,3,0.622,467.77679785489687,145.20648101903907
3260,3,0.7991,110.29897418236095,42.887651232670784
8447,3,0.8373,183.00367727355825,58.62690368170533
7774,0,0.6834,166.25765574036527,61.01052610542312
11055,3,0.7777,256.7724413913204,69.28737646681483
11874,3,0.8187,248.49478506743432,66.83276255841125
2750,3,0.8561,60.177285602407856,31.36959512346589
10571,3,0.7716,566.4928204640463,109.60688215266227
12366,3,0.7494,154.4520683805928,49.84553632774904
8269,3,0.5134,55.01492946576961,29.837970595025787
4335,3,0.7466,77.97999065665604,35.593505168386876
1265,3,0.681,103.51038635258836,40.93034529075568
3314,3,0.6256,235.1912243218321,63.15346240513259
10559,3,0.9021,141.54798056512908,47.637535806963186
8533,3,0.85,117.6254911338693,46.28905369446742
518,3,0.8762,264.21791068709473,68.40788445793487
256,3,0.9063,236.92251599589397,65.71911976365513
11486,3,0.831,96.68847786879633,41.420421507651476
3658,3,0.7451,220.8248862665833,62.288622139942476
4137,3,0.9124,200.3923249910809,56.95421046778371
11451,2,0.7873,34.44256556787017,29.56241175943545
1701,3,0.7049,42.03686349420912,26.04292614455695
295,3,0.974,257.55860458861815,75.94545382712369
7402,3,0.9469,382.2096973908971,90.38969410536626
1073,3,0.7227,92.51844431774873,47.06062083640241
10981,2,0.8701,738.5704520432898,125.19756679970811
7366,3,0.845,124.82921025500454,44.74008527434923
1717,3,0.7753,110.93624912782582,43.1365969944227
4121,2,0.7627,314.6036022885965,78.85918773185102
5559,2,0.8496,205.37161590312414,67.92509915909955
4647,3,0.9083,104.04372082573096,40.94927261736706
9363,3,0.775,110.69582035216509,43.892033240421775
10765,0,0.9648,1129.879149167229,162.64288013945895
10003,3,0.8629,95.9395422034999,40.51343229334281
7170,3,0.9175,250.63118324204734,67.01672375957733
11123,3,0.6714,109.72820208124726,45.37060996819915
8531,3,0.8759,207.21318138409663,63.070107891083964
8519,3,0.8645,273.724687740931,74.29968176202452
6534,3,0.8983,387.22843403847367,101.72654968047566
9607,3,0.7336,100.37585185535514,43.44863105560572
5029,3,0.8855,165.36880811037275,55.76593558699345
10201,2,0.6307,94.06001858419064,39.16965640532614
5940,2,0.7936,406.7589002431903,88.29048100836646
2791,3,0.538,205.250368618727,64.80311050297715
3510,3,0.8954,205.60487763440705,71.4290029323008
9983,3,0.7029,91.39211019930882,38.927937047911534
7010,3,0.7285,150.55472555021598,54.150305966366595
1461,3,0.8501,19.53846487221443,17.773336040869346
11719,3,0.8949,156.97763781940543,50.76802104986381
863,3,0.9113,228.29243779636337,74.21223228219785
8479,3,0.9144,235.73123508090885,66.95226776924052
10413,0,0.6788,195.99603386951253,61.387634144779156
9940,3,0.5727,149.48436236210196,52.511522875336276
650,3,0.925,182.8253916851468,60.683623059428704
11902,3,0.7584,47.275998322815084,32.829079306589065
4280,3,0.8363,171.62037638392923,58.09053367050925
6497,3,0.8721,122.64820675583664,49.43845331004748
5405,3,0.8615,121.82565072489712,45.44531602342229
491,3,0.8579,436.2661054842237,87.7790148262937
4733,3,0.7509,130.60331370942208,50.113753686175464
9565,3,0.9311,270.75449523996775,77.03810663583818
6656,3,0.8812,326.33463482862635,72.66010413685915
1878,3,0.8586,167.3279126562546,54.27751831853814
11296,3,0.8965,206.12798686355973,65.2519352067537
3909,2,0.6256,654.0354236009,108.48446052925561
3921,3,0.8775,116.13471620154156,49.19003158397954
6681,3,0.6152,323.4875571439327,80.32466558117939
4928,2,0.969,2420.2860427088594,223.4765194635883
309,3,0.9248,230.3153179001524,66.76124583084169
4929,3,0.9007,177.6073494170554,57.236262037076635
1851,3,0.7982,142.842846801748,49.9130519968821
11283,3,0.9009,162.52674471597257,54.98957382883009
4726,3,0.7301,163.28047198967994,54.75235533240782
8120,3,0.888,194.23938623002743,58.84552287219209
5404,3,0.5686,49.632069488917345,28.201560275611968
5821,3,0.8644,271.35582723386403,69.54759977617933
123,3,0.8756,243.14798108252927,71.94106614350926
2633,3,0.7133,115.52225521338909,44.54549767128519
4524,3,0.8893,216.01179833984312,64.88459828188694
6327,3,0.7503,199.41590161450634,62.39843613070795
862,3,0.8957,262.304089300983,68.97720389832476
22,3,0.9079,187.12616404775744,57.85438652640262
7763,3,0.8471,176.4611098079862,56.95820112709319
4493,3,0.9228,220.6303589052804,62.97373633980207
5799,3,0.9248,209.8118137126666,59.05129138020824
2790,3,0.6491,164.8729383962473,68.79024861578246
8295,3,0.7337,195.00877279624325,58.60808919192053
3459,0,0.592,82.3609296324653,39.21141397331881
902,3,0.8605,288.42639720760417,70.37387695535537
6535,3,0.912,162.4479110067909,53.888735102943684
4322,3,0.8371,112.86056105817731,43.62572585808122
10214,3,0.868,121.64596900334847,47.63178948524189
8524,3,0.6631,133.24900051041925,46.51758421037124
8901,3,0.8639,300.1213527086158,72.08066087617094
4685,3,0.8229,154.66871930030496,52.68771045159951
4861,3,0.8592,249.00571121099614,64.14911089226771
6045,3,0.8615,306.6801023457174,80.12071859825375
8068,3,0.8905,117.29670929618382,49.63900249224228
12167,3,0.8252,137.57734313032245,46.93973213123152
7415,3,0.8989,155.03231180644005,51.84233564133129
10994,3,0.6444,92.58104222872568,42.7272677093593
296,3,0.8471,239.29674155276038,63.467034646979705
4642,3,0.5304,239.14588289025653,68.75956360889609
2541,3,0.8687,364.7908090871064,79.78204070309249
10760,3,0.8556,77.23701118239484,44.54627714022484
1706,3,0.8479,105.74008762534308,41.28497551439161
5574,3,0.8808,120.7859334737552,47.063418987808085
11442,3,0.7985,488.82816578815493,102.39202467186321
8905,3,0.8355,107.9712783104632,41.809260272728025
8911,3,0.7604,71.4879107922261,33.83032006378916
537,3,0.9029,189.39926727604302,57.42750830481501
10562,2,0.6499,69.04869206632127,36.23910684597022
11126,3,0.5913,241.45932413872194,67.78680858286188
11873,3,0.8494,121.29692915378455,49.13946462027805
11683,3,0.8708,64.08377797033602,37.68446610388515
9831,2,0.6392,101.9114708153118,46.33824299772954
2964,3,0.5806,190.3330221961046,61.25643516165587
12215,0,0.6592,283.2419165378944,72.14683175624762
9010,3,0.8278,185.95172812049933,55.19921199309039
12201,3,0.876,177.83070982579676,55.18484493088561
9992,2,0.7773,711.6150937885665,155.4593968744014
3515,3,0.8055,76.3149872874068,36.93081779164207
7940,2,0.8581,4374.944161850914,338.82489631269345
8483,2,0.7882,1012.0506302383252,139.23535217645176
11091,3,0.7462,52.88456593989012,29.13148760187564
4050,3,0.8194,161.1359459541739,55.68441597392463
10172,3,0.76,170.58858349103045,59.56726418867476
4044,3,0.9181,128.77759264715246,46.55017884822194
2353,3,0.7999,20.569759007452966,18.187894151193223
7203,3,0.8277,173.86156312308958,52.79303561017433
3071,3,0.9252,222.82923354086486,67.44528056915526
7217,2,0.9718,1108.1851161344975,149.265904874343
8865,2,0.8928,1823.6354781003452,220.29253151783882
4087,3,0.9005,286.3938000623286,73.90932724548716
4939,3,0.856,191.99215937457146,59.423090546848236
1869,3,0.836,330.32988484272147,85.96349131605051
443,3,0.838,229.5153999420679,70.31034210168181
6874,3,0.8073,176.8487478584366,57.0403746054558
1840,3,0.7945,178.59667615537458,55.64706383650707
2391,3,0.7655,367.6215710421144,103.64177009114862
318,3,0.8986,346.50804346531675,78.86045534241102
1854,3,0.9108,290.343579583358,72.2019047412022
11251,3,0.8296,254.34216720871336,64.70488684269036
2408,3,0.9038,137.24986598155667,48.08329453522285
495,3,0.8327,442.7632253691498,94.62329662311248
8643,3,0.8211,84.16126785156698,36.703796049091764
6108,3,0.9116,218.5741023608268,63.71594364074184
1673,3,0.7149,129.4749698531289,46.015979940460284
9549,3,0.8133,114.06042886477485,42.73064373008245
11245,3,0.6621,102.55671265886687,40.511465442611836
3702,3,0.7041,55.840459742056495,32.07518541101191
9207,3,0.8418,147.39408596774365,52.448632073451435
10601,0,0.5592,153.6403303059613,60.58944476371629
7558,3,0.9225,244.7797735872403,62.76401626289187
7969,2,0.9309,1579.8732784395534,260.3477869576774
9950,3,0.8044,182.65213053473923,54.31305455544445
668,3,0.9116,200.89694467609746,62.75197357224334
683,3,0.9363,313.3585707657729,82.39805256400822
1471,3,0.9024,211.47845701791164,58.59572260733959
3266,3,0.8139,88.2199738477653,37.64313835224581
9763,3,0.7225,58.88622127549015,31.166198059428915
27,3,0.8647,195.76070423978783,59.350751672936404
7982,3,0.8716,182.89790410104754,61.42744067262183
2622,3,0.9352,144.21756267210006,63.43314627976278
7606,3,0.8148,92.07061311452944,40.96423393134775
9159,3,0.8625,277.95532725377143,69.39469379908647
1505,3,0.6143,113.04731893099536,43.03564687335749
12374,3,0.8814,292.50989557555033,74.02317909857769
10211,3,0.84,289.77012930737106,76.1334597225526
4441,0,0.9666,1014.7804454564132,148.66981147209407
11480,3,0.7521,130.185468367335,45.667531945014765
1908,3,0.8936,121.5482022791921,45.893190634959055
9398,3,0.8376,311.0824541630361,85.76826043026674
10952,3,0.5234,177.48177172726287,55.015414824055185
2597,3,0.9188,184.9187884122908,56.26677845853754
3851,3,0.5411,71.54040784568994,33.8326846004422
11325,3,0.892,156.4146796417689,52.56081876458333
287,3,0.8861,277.83774647657975,70.81727774198413
5561,3,0.8185,109.06597508789582,42.13201801334498
8723,3,0.7968,142.75067088990204,47.803602546943964
5549,0,0.7219,63.16048386482089,31.829373445110512
2226,3,0.5428,22.786302286352626,21.16133645974732
2542,2,0.796,1115.9548411714136,159.50535266342402
9417,3,0.7284,46.90608485008961,28.487463062141934
3648,2,0.7411,3681.0299615095755,322.29015832121416
5211,3,0.9051,254.5585914106656,69.06424302744436
3674,3,0.7843,438.1225979112611,90.71059012255776
8912,3,0.6746,101.06789103099834,40.500970544047185
3847,3,0.8558,158.6618126879511,58.34963783397506
2581,3,0.8842,94.12320348688533,39.182829335411895
246,3,0.7888,173.36451417858592,53.7043135327408
6903,3,0.6881,35.89951088870402,28.16227242473466
5985,2,0.5272,1771.177210357048,240.1129774688442
4325,3,0.858,129.2228014602744,46.07437431020186
4319,3,0.7084,236.4998392583049,67.18703446804324
4494,3,0.918,156.46443871312277,52.5691815122011
2967,3,0.8918,96.46290276550704,40.89522791199497
11680,3,0.8874,131.4468939090213,52.733413390023976
8292,3,0.8628,122.94110585943557,45.665565143766834
11694,3,0.8787,164.45409361909867,53.90745351005641
4523,3,0.5677,102.54358178894812,40.50720604344531
1329,3,0.9015,38.82046786357206,24.92247315396042
6308,3,0.8333,201.42885234278774,63.9005450703076
10429,3,0.8232,96.69180051901301,39.35712163592094
11045,3,0.9073,170.34449901512508,54.465353295208345
6491,0,0.6359,55.335483342925635,29.84255389813678
2393,3,0.8386,291.16218784304846,74.74263802881782
8866,2,0.7198,190.86421077273565,59.068858277055845
1856,2,0.6338,609.784008382823,141.92415948032757
3099,3,0.6952,107.66441083436334,43.572819049976914
11285,3,0.8565,161.61277865935892,51.89207507613982
6862,2,0.5518,30.738202167823605,23.800684060547646
6876,2,0.8977,549.7109209946738,108.11080577534092
455,3,0.7878,174.80010243124997,54.03017287567902
11291,3,0.9118,263.78499369682163,72.59493996714662
2386,3,0.9528,359.0812995282736,84.140536675573
2392,3,0.5172,121.2599869705011,48.24764820702649
3932,3,0.8505,335.99311972300694,77.48741530587604
6692,3,0.8489,170.07119051399528,57.955126125119065
11246,3,0.7935,107.53991404354714,41.65789828861935
5370,3,0.8458,156.83457036276556,54.976988512103944
5416,3,0.8622,213.26365367085933,74.40446811975744
2345,3,0.8354,92.38172136749121,38.895142965234434
125,3,0.9144,379.39017191455184,89.67085897777376
2806,3,0.9103,278.5163755371556,73.76975731657686
7942,2,0.9077,796.3523074787588,121.05749149727853
3503,3,0.8659,192.6682308528327,57.178363789427905
11736,3,0.6347,92.53954404020948,38.584552164973694
1466,3,0.9098,206.96909242674138,64.7920576172755
1328,3,0.8916,61.657248033177495,31.43290456408342
10366,3,0.9107,300.26772417892715,75.24242488688063
30,3,0.9195,282.53665113643973,76.6588809437219
8318,3,0.8608,215.13426360799926,64.53411590265208
8293,3,0.6577,40.07744884073322,29.654071853429116
11130,3,0.9301,227.89686647971308,65.09222232640096
5006,3,0.6625,180.84221254235393,54.73780369442647
7611,3,0.8414,120.20312348375597,45.33893728982356
12363,3,0.7887,110.86473968539029,42.29978207329256
6255,3,0.8343,121.61672593609018,47.185001114125555
11483,3,0.7575,198.02976059390647,56.972623609002405
247,3,0.9364,245.17397975488882,69.86834193830242
2594,3,0.6988,244.55607371998195,68.49923531404806
8913,3,0.8325,462.4382680249713,111.1208841288926
12161,3,0.886,168.38258479421572,58.105208794952446
11468,3,0.8803,253.70220379503004,72.85871119280038
12175,3,0.8311,134.85106802215466,50.24987281194399
6725,2,0.8149,543.3550103230311,110.62035635622301
