type,properties,id,yolo_pred,Confidence,annotation_type,Area_sqm,Perimeter_m,centroid_x,centroid_y,neighbor_mean_area,neighbor_mean_perimeter,neighbor_mean_conf,neighbor_majority_class,spatial_cluster_id
Feature,"{ ""height"": 4.8204293251037598, ""confidence"": 0.99190002679824807 }",47,3,0.9207,3.0,159.24752070942722,51.19371011432246,435812.5160261358,4462152.236312835,248.82826924449074,64.27543740035972,0.79656,3,1
Feature,"{ ""height"": 3.777925968170166, ""confidence"": 0.98269999027252208 }",63,3,0.9171,3.0,155.2205832939965,53.70134511802554,435908.4951986336,4462139.360984926,291.6916329795587,69.04957155489485,0.7933600000000001,3,1
Feature,"{ ""height"": 6.4823513031005859, ""confidence"": 0.96859997510910012 }",69,2,0.929,2.0,368.0495746058589,89.9017575087689,437217.5567611332,4462260.362294067,1534.9972922776606,161.08916790021357,0.72284,2,3
Feature,"{ ""height"": 0.025000000372529002, ""confidence"": 0.95990002155303911 }",71,3,0.9274,3.0,349.8771769620768,76.91289223332086,436836.9154875368,4460963.658571448,187.2235059166185,59.11218206647186,0.8973600000000002,3,3
Feature,"{ ""height"": 4.3161487579345703, ""confidence"": 0.97530001401901212 }",76,3,0.9144,3.0,219.88057647471396,63.563178030351565,435982.0584569054,4460870.49562445,178.58532473052637,54.91496873136005,0.9033000000000001,3,4
Feature,"{ ""height"": 2.7532467842102051, ""confidence"": 0.93709999322891202 }",148,3,0.892,3.0,7.630133877360846,11.10536162946144,436255.15356556047,4461075.87175682,203.48721267789153,59.97315746138054,0.92172,3,4
Feature,"{ ""height"": 2.9864616394042969, ""confidence"": 0.98970001935958807 }",169,3,0.8813,3.0,252.3792162894475,76.35684407159358,436620.6879911492,4461103.432988036,202.24329863987603,59.2508175092913,0.8427,3,3
Feature,"{ ""height"": 4.9363822937011719, ""confidence"": 0.99390000104904108 }",194,3,0.9106,2.0,151.3015066840246,52.73843098427673,437354.3354817063,4460738.358205104,339.6908056512072,73.16614684463,0.86226,3,3
Feature,"{ ""height"": 0.94051826000213612, ""confidence"": 0.99680000543594305 }",225,3,0.9076,3.0,176.09541915277745,54.88211792162651,435693.689169897,4460863.475587696,189.06732317511995,56.83343130952085,0.91056,3,4
Feature,"{ ""height"": 6.9976406097412109, ""confidence"": 0.97810000181198109 }",243,2,0.8872,3.0,2062.1980236132695,189.40692816587548,437989.1870578142,4461088.722054093,505.3421859278113,97.05114938898696,0.62774,0,2
Feature,"{ ""height"": 0.12087389826774501, ""confidence"": 0.9890999794006341 }",263,3,0.9225,3.0,218.03139437243095,60.46851511662226,435623.9806005585,4460637.772755982,155.05631580882275,51.24695916743203,0.8958999999999999,3,4
Feature,"{ ""height"": 1.5378632545471191, ""confidence"": 0.96030002832412709 }",269,3,0.769,2.0,126.45696492873785,46.75788054832393,436834.74193613266,4461592.590650574,167.7094251193264,52.69059328627905,0.9107200000000001,3,3
Feature,"{ ""height"": 0.91509431600570612, ""confidence"": 0.99110001325607311 }",301,3,0.9222,3.0,197.99013409337596,59.90232084397001,435851.0727863925,4460969.606064462,188.9436361730347,56.67775762154531,0.9097799999999999,3,4
Feature,"{ ""height"": 0.148363247513771, ""confidence"": 0.98940002918243408 }",303,3,0.8803,3.0,293.8045749334101,71.68593488400623,435784.90122370666,4461301.654456969,266.23548134049145,71.56136982821234,0.90758,3,4
Feature,"{ ""height"": 0.99049127101898105, ""confidence"": 0.98600000143051103 }",320,3,0.9184,3.0,195.94330057285904,61.827492354773625,437079.9322776085,4461242.629261836,165.8211782047008,53.09660951632052,0.9071199999999999,3,3
Feature,"{ ""height"": 5.8317017555236816, ""confidence"": 0.99150002002716009 }",323,3,0.8526,3.0,163.86933322723078,53.88394693273406,436742.9880866946,4461247.26917002,203.2732061842,59.37476411348287,0.8170400000000001,3,3
Feature,"{ ""height"": 0.80237156152725209, ""confidence"": 0.99930000305175704 }",378,3,0.8945,2.0,157.20500485795773,52.92954064867284,437129.876552988,4461148.181568164,172.98050804584312,54.883295476356466,0.9040199999999998,3,3
Feature,"{ ""height"": 5.6371145248413095, ""confidence"": 0.98280000686645508 }",409,3,0.9157,2.0,401.04348895228645,84.41772850880683,436838.8536103308,4460249.192613531,199.09402261963092,59.46194612384661,0.8878599999999999,3,4
Feature,"{ ""height"": 3.2037365436553951, ""confidence"": 0.97149997949600209 }",472,3,0.9179,2.0,116.2631943286634,43.17181861740747,436487.0269357894,4462139.451384638,270.8083472687861,72.23543210680778,0.7807600000000001,3,1
Feature,"{ ""height"": 5.289283275604248, ""confidence"": 0.99379998445510809 }",476,3,0.9214,3.0,157.43390823775962,53.204755699576026,436055.1446843975,4461823.277956787,201.94948755671754,57.158392092845546,0.90976,3,1
Feature,"{ ""height"": 6.2688469886779776, ""confidence"": 0.97860002517700206 }",479,0,0.9344,3.0,632.5467395986485,115.26834980410462,435209.64020973485,4462110.99153677,447.7356071544852,90.2876256693031,0.56928,3,1
Feature,"{ ""height"": 5.3709039688110352, ""confidence"": 0.95579999685287409 }",574,2,0.6579,3.0,1243.1179978357604,203.64606310359432,437983.3415688764,4460903.374778054,854.2391999188834,127.68400267549187,0.59202,2,2
Feature,"{ ""height"": 5.8802871704101562, ""confidence"": 0.99199998378753607 }",582,3,0.8394,3.0,194.54039751289233,61.05113250946303,436625.20269821375,4460599.741002736,280.82908559588094,69.65129195516472,0.8957799999999999,3,4
Feature,"{ ""height"": 6.0660591125488281, ""confidence"": 0.97850000858306807 }",603,3,0.9053,3.0,204.5108908290252,58.857902243376024,436442.1776777837,4461457.9204395,191.7947813977936,58.637189723182225,0.9217599999999999,3,3
Feature,"{ ""height"": 5.1066551208496094, ""confidence"": 0.95520001649856512 }",621,2,0.1399,2.0,6530.412112396473,540.3330004103168,436868.46074052935,4462168.57733351,293.4292618164456,75.38828794010085,0.77556,2,0
Feature,"{ ""height"": 5.7071976661682129, ""confidence"": 0.99419999122619607 }",647,3,0.7243,0.0,169.01887094885075,54.503679953691886,436787.62381417607,4461335.969925258,194.89589413492672,57.793085033363425,0.8543,3,3
Feature,"{ ""height"": 1.0, ""confidence"": 0.96490001678466808 }",648,0,0.9037,3.0,137.0664929150456,47.286295035732955,436761.28635005734,4461644.518421406,178.28869434037907,56.04163100241921,0.8887799999999999,3,3
Feature,"{ ""height"": 5.1077671051025391, ""confidence"": 0.96829998493194502 }",673,0,0.9502,3.0,639.568764682285,115.51221210578306,435814.56220742676,4462336.512595999,295.67971221772825,70.14242240456342,0.7971,3,1
Feature,"{ ""height"": 5.0448017120361328, ""confidence"": 0.98049998283386208 }",705,3,0.9068,3.0,151.36828282021122,49.23988757405359,436814.1815360433,4461412.394533748,194.712749707879,58.07041648885504,0.8215999999999999,3,3
Feature,"{ ""height"": 4.7447347640991211, ""confidence"": 1.0 }",734,3,0.9311,3.0,183.91658358728472,56.31413070359609,436914.42336090334,4461135.929733372,206.21165406296512,58.73487090200399,0.9038,3,3
Feature,"{ ""height"": 2.2817842960357662, ""confidence"": 0.98369997739791804 }",801,3,0.8638,3.0,69.87107248154338,37.55635732852162,435415.57636288984,4460701.498065482,184.68838018700026,55.82939072505216,0.90764,3,4
Feature,"{ ""height"": 0.0, ""confidence"": 0.98919999599456709 }",845,3,0.8897,3.0,297.6003082618869,75.5589965793392,435580.09349837864,4461348.23167997,290.3417782699258,71.47327269975108,0.89998,3,4
Feature,"{ ""height"": 5.0598306655883789, ""confidence"": 0.99419999122619607 }",855,3,0.9006,3.0,256.8775127820564,70.03408633162081,436278.0047908996,4460575.6853918005,237.92076239216027,64.1012188237849,0.8809800000000001,3,4
Feature,"{ ""height"": 0.10253164917230601, ""confidence"": 0.96410000324249212 }",915,3,0.9263,2.0,244.97508506851125,66.06536343386746,436691.317035457,4461414.012967478,205.35320067878047,59.40145318256491,0.8258599999999999,3,3
Feature,"{ ""height"": 6.1446170806884775, ""confidence"": 0.99989998340606612 }",936,0,0.7733,3.0,630.4366960499362,122.07985939301837,438175.0124826151,4460465.356618317,1174.7903795214884,170.70477224103166,0.67846,2,2
Feature,"{ ""height"": 2.8122038841247559, ""confidence"": 0.98309999704360906 }",947,2,0.2323,3.0,710.0910118502486,198.53388391151617,437929.08117780334,4460338.269525207,776.6802129755768,128.08026790101238,0.7913400000000002,2,2
Feature,"{ ""height"": 0.79428446292877208, ""confidence"": 0.9532999992370601 }",951,3,0.6824,2.0,237.34018369891257,64.26324891038523,436697.8126066335,4461286.407914189,202.1887359316123,59.40938074157077,0.85566,3,3
Feature,"{ ""height"": 6.034238338470459, ""confidence"": 0.99489998817443803 }",963,2,0.909,3.0,862.4290479979361,117.57573377186073,437960.9441803801,4460314.569706704,746.2126057460393,144.27189792894345,0.656,2,2
Feature,"{ ""height"": 0.046869408339262002, ""confidence"": 0.98540002107620206 }",978,3,0.9098,3.0,289.6841966831199,69.5896760076469,436193.5255992461,4462027.969425575,196.1618013780942,57.423774493238014,0.91428,3,1
Feature,"{ ""height"": 0.16523709893226601, ""confidence"": 0.99059998989105202 }",981,0,0.9459,3.0,319.8155404798127,74.12247108956318,437461.5815738498,4461505.3208682425,208.3359159254549,55.03015768384032,0.68764,3,3
Feature,"{ ""height"": 2.3511590957641602, ""confidence"": 0.99659997224807706 }",1044,3,0.888,3.0,167.4765147598923,55.70563593371725,437033.68593970826,4461095.188376075,174.76857635023802,55.32280234684954,0.90884,3,3
Feature,"{ ""height"": 6.3625903129577637, ""confidence"": 0.98540002107620206 }",1065,3,0.5965,2.0,629.5930734981864,115.699430847147,435241.3264785084,4462158.981925994,448.33342405419,89.70625830962423,0.7603,0,1
Feature,"{ ""height"": 5.3821849822998047, ""confidence"": 0.95730000734329213 }",1078,3,0.9056,3.0,135.8416768232909,47.92217609127158,436019.7876815723,4461071.047116975,204.29000886170965,61.22445850943827,0.91598,3,4
Feature,"{ ""height"": 0.27296501398086503, ""confidence"": 0.92820000648498502 }",1115,3,0.9224,3.0,158.36027559588965,51.63584321359659,436952.66954894265,4461376.394211527,171.5923544730129,54.48490785287645,0.8732800000000001,3,3
Feature,"{ ""height"": 0.334103673696517, ""confidence"": 0.98879998922348011 }",1149,3,0.9119,3.0,157.1340178319249,50.1574916691885,436041.02329604333,4461938.196624002,185.1870661888889,55.980389404947914,0.9068000000000002,3,1
Feature,"{ ""height"": 0.95016890764236406, ""confidence"": 0.99860000610351507 }",1173,3,0.9243,3.0,183.7636427644776,58.043380581400264,436393.3576100301,4461941.669482703,212.825239251323,58.71396242093647,0.91404,3,1
Feature,"{ ""height"": 2.3584415912628169, ""confidence"": 0.97109997272491411 }",1176,3,0.9032,,199.16179079516888,58.31842104655512,435769.50320328295,4460805.089627543,174.463003138845,54.42545689200283,0.9051199999999999,3,4
Feature,"{ ""height"": 3.6781067848205562, ""confidence"": 0.98830002546310403 }",1211,3,0.8992,2.0,231.03680711764684,66.09078392744593,435987.18639131525,4461147.266122641,184.02261103174015,56.618680339717436,0.9179999999999999,3,4
Feature,"{ ""height"": 1.0, ""confidence"": 0.98729997873306208 }",1251,3,0.9103,3.0,138.29644050727558,48.910920019414085,435614.1293858753,4460738.061078221,171.0033065818538,53.558478186873664,0.8983399999999999,3,4
Feature,"{ ""height"": 4.2134184837341309, ""confidence"": 0.99540001153945912 }",1270,3,0.8488,0.0,170.5126328779222,52.32309671309978,436829.7434926043,4460573.414662153,264.623551151043,67.0432117280078,0.90108,3,4
Feature,"{ ""height"": 1.0306024551391599, ""confidence"": 0.97500002384185702 }",1274,3,0.9318,0.0,214.8741569117824,66.52349064216345,436557.0117568941,4461545.9525534,189.72212818124214,57.10407204342475,0.91646,3,3
Feature,"{ ""height"": 8.5494050979614258, ""confidence"": 0.96100002527236905 }",1283,0,0.9237,3.0,639.4840797077084,115.47092036048332,435283.02329546603,4461835.297891039,428.78950716883946,88.94160480206699,0.8475999999999999,3,1
Feature,"{ ""height"": 0.70153945684432906, ""confidence"": 0.99470001459121704 }",1290,3,0.9135,3.0,164.7047321633757,51.3405010660864,437069.216745308,4461254.533669486,172.06889188659747,55.194007774057944,0.9080999999999999,3,3
Feature,"{ ""height"": 0.067289464175701003, ""confidence"": 0.98849999904632513 }",1303,3,0.9147,3.0,382.1410622857195,91.22399414579948,435610.32442268316,4461300.799184998,273.43362746515925,68.34027318645903,0.89498,3,4
Feature,"{ ""height"": 6.5797200202941895, ""confidence"": 0.96079999208450306 }",1376,3,0.9267,0.0,151.6557084428153,49.76653362271538,436755.8418389901,4461592.234943017,162.66967641651087,52.08886267140075,0.8791799999999999,3,3
Feature,"{ ""height"": 0.5651331543922421, ""confidence"": 0.98210000991821211 }",1384,3,0.9181,3.0,213.73871761922229,58.70289501792175,435769.7819525058,4461149.293295197,248.1628510506887,67.36504197849865,0.9043999999999999,3,4
Feature,"{ ""height"": 0.95304661989212003, ""confidence"": 0.9957000017166131 }",1410,3,0.9121,2.0,143.8959091991729,49.58308555749364,436526.36651096254,4461764.994055265,195.685419033968,58.878713553225126,0.91386,3,3
Feature,"{ ""height"": 6.2897524833679199, ""confidence"": 0.99980002641677812 }",1449,3,0.9079,3.0,307.9023209985296,73.25380495177085,436146.8002361419,4461426.387013688,272.78346637956844,68.10130379754546,0.9113599999999998,3,4
Feature,"{ ""height"": 4.5434432029724121, ""confidence"": 0.98030000925064009 }",1454,3,0.8946,3.0,191.8568561073484,56.56697952104279,435818.9246650166,4460719.399955202,179.9322421322201,54.888984051635745,0.9068999999999999,3,4
Feature,"{ ""height"": 7.2413640022277832, ""confidence"": 0.99080002307891812 }",1457,3,0.8447,3.0,347.6908516174926,76.57544163958264,437282.30175642384,4461631.818694551,233.22466480049155,62.70201058951805,0.8606999999999999,3,3
Feature,"{ ""height"": 1.057483911514282, ""confidence"": 0.98809999227523804 }",1474,0,0.9306,3.0,849.8586459421938,141.89051788216182,435988.88910886634,4462315.583899776,260.3158731835063,65.95093130114111,0.9185800000000001,3,1
Feature,"{ ""height"": 0.0081649320200080002, ""confidence"": 0.99159997701644909 }",1504,3,0.8863,3.0,253.6329420138665,63.7082732836257,435856.7812254447,4460353.8336211555,183.08452952313428,55.225956371519,0.9042999999999999,3,4
Feature,"{ ""height"": 4.0101022720336914, ""confidence"": 0.96189999580383312 }",1540,3,0.8739,3.0,353.4737301258807,80.3185641415235,436264.53789407056,4460677.536434568,169.40095729609428,51.52374093097152,0.8874600000000001,3,4
Feature,"{ ""height"": 6.2974081039428711, ""confidence"": 0.99949997663497903 }",1584,2,0.7059,0.0,996.1158163102268,144.36125225231166,437545.714180162,4460360.797298136,719.4752520835812,138.91479423285327,0.69662,2,2
Feature,"{ ""height"": 0.96089571714401212, ""confidence"": 0.98159998655319203 }",1596,3,0.9136,3.0,154.85970883165825,50.257073038632846,435730.3748318045,4462162.808433757,249.70583162004453,64.46276481549765,0.7979800000000001,3,1
Feature,"{ ""height"": 0.24662056565284701, ""confidence"": 0.98129999637603704 }",1606,3,0.8871,2.0,329.5338044660697,74.62126984509486,435889.80713365425,4461562.311591322,257.1169003647532,68.47227578279276,0.90922,3,1
Feature,"{ ""height"": 5.5372314453125, ""confidence"": 0.99370002746582009 }",1619,3,0.8912,2.0,196.7221240765768,58.77216416345816,436068.9286521072,4461100.98139388,155.50921307912256,49.05018569280726,0.91646,3,4
Feature,"{ ""height"": 3.9572649002075191, ""confidence"": 0.95730000734329213 }",1644,3,0.1583,3.0,6.0412200830264435,10.823608135188463,437654.238973932,4461120.638940831,820.7465087606776,118.89952771337605,0.80098,2,3
Feature,"{ ""height"": 1.3203994035720821, ""confidence"": 0.96289998292922907 }",1659,3,0.9172,3.0,181.3593636463886,53.87152671952948,437045.61039265484,4461164.746408322,173.84922718827391,55.62346014136924,0.9090999999999999,3,3
Feature,"{ ""height"": 1.813953518867492, ""confidence"": 0.95950001478195113 }",1719,3,0.9099,3.0,224.81421390652744,61.36274535246201,436653.03800940845,4461580.826809062,184.44277417003738,57.087837516182105,0.9189999999999999,3,3
Feature,"{ ""height"": 0.053605727851390006, ""confidence"": 0.99040001630783003 }",1722,3,0.9308,3.0,296.374307373652,70.04757576776737,436230.1334517429,4462028.060343239,194.82377923998777,57.33219454121392,0.9100800000000001,3,1
Feature,"{ ""height"": 5.7278552055358887, ""confidence"": 0.99889999628067005 }",1799,3,0.9114,3.0,185.8927301603811,55.998911577127586,436461.69993882417,4461388.345083088,209.63481843299604,61.57702771159204,0.92042,3,3
Feature,"{ ""height"": 4.1223812103271484, ""confidence"": 0.99370002746582009 }",1808,3,0.883,3.0,155.41862908670015,51.67132130767561,436989.0828220493,4461024.738450963,207.96692876272,59.146745247767306,0.91164,3,3
Feature,"{ ""height"": 0.20543228089809401, ""confidence"": 0.96439999341964711 }",1845,3,0.8984,2.0,135.28018710314862,48.23709086968274,435937.0803455746,4462073.354018487,157.13478659567448,51.79581716196875,0.7933600000000001,3,1
Feature,"{ ""height"": 0.0, ""confidence"": 0.9824000000953671 }",1865,3,0.8979,3.0,131.2747287917422,47.76012614994218,436062.8258456969,4461865.269179101,207.181323445921,58.2473180027723,0.91446,3,1
Feature,"{ ""height"": 0.99612516164779608, ""confidence"": 0.98659998178482011 }",1888,3,0.9065,3.0,173.64242751203238,55.79750484643128,436651.4146430498,4461498.024216691,199.21390856557622,59.44428584978702,0.9287799999999999,3,3
Feature,"{ ""height"": 0.90495020151138306, ""confidence"": 1.0 }",1910,2,0.6033,3.0,327.29947519052075,74.58374522357049,437439.7720693457,4461387.634745176,205.3391835222297,55.255710773556146,0.75236,3,3
Feature,"{ ""height"": 4.5884604454040527, ""confidence"": 0.99409997463226307 }",1919,3,0.9529,3.0,175.82040254623482,57.79384558196569,436182.0884715702,4461069.2327849595,169.84915894411674,50.63546067087968,0.90954,3,4
Feature,"{ ""height"": 1.746761679649353, ""confidence"": 0.98509997129440308 }",1943,3,0.9492,3.0,159.75037849824471,53.503296197726826,436503.2150472098,4461459.921703343,200.7468838639497,59.70811093231207,0.9129799999999999,3,3
Feature,"{ ""height"": 6.2128229141235352, ""confidence"": 0.98949998617172208 }",1951,2,0.808,3.0,543.5538101306287,98.07928379802806,437375.19238655234,4462132.476057511,1548.0206795978766,166.82855749429788,0.68346,2,3
Feature,"{ ""height"": 2.6149358749389648, ""confidence"": 0.99940001964569003 }",2005,3,0.9034,3.0,176.92658585976775,55.51297831577674,436829.13957789826,4461211.887552044,178.36582469237047,55.67119505194103,0.81124,3,3
Feature,"{ ""height"": 0.46196359395980802, ""confidence"": 0.99680000543594305 }",2008,3,0.3035,3.0,159.2121023113655,53.6694658696744,435805.54581142694,4462065.100188128,152.3484035540311,50.70934216197041,0.91234,3,1
Feature,"{ ""height"": 2.7525696754455562, ""confidence"": 0.98489999771118109 }",2017,3,0.9263,3.0,281.83481491227593,73.03884023631561,436238.1458130272,4461258.0716677345,207.87813582251934,55.22830376522775,0.9181799999999999,3,4
Feature,"{ ""height"": 4.6864662170410156, ""confidence"": 0.99959999322891213 }",2027,3,0.8658,3.0,137.68415199957343,49.39096875929785,436728.5561863971,4461199.056243712,225.18231149785083,64.64399257175045,0.8458,3,3
Feature,"{ ""height"": 0.17944984138011902, ""confidence"": 0.99379998445510809 }",2047,3,0.9203,3.0,319.7831862360852,77.98670390805542,435690.3859152862,4461661.974391499,292.30684281486094,74.44688133663401,0.8971199999999999,3,1
Feature,"{ ""height"": 0.43266239762306202, ""confidence"": 0.97380000352859508 }",2048,3,0.9089,3.0,316.4260088686297,71.15357280864671,435479.2995136617,4461326.049472591,286.5766381485772,72.35435745388959,0.8961400000000002,3,4
Feature,"{ ""height"": 0.10393188148736901, ""confidence"": 0.97719997167587203 }",2056,3,0.9162,3.0,206.66051141798144,66.23017947055527,435842.2475350852,4461536.654785547,309.7248389791963,74.6213420336533,0.89706,3,1
Feature,"{ ""height"": 0.55134695768356301, ""confidence"": 0.97589999437332109 }",2094,0,0.2986,3.0,255.51608725259968,87.74519919489954,436421.17514132377,4462386.0076604625,248.6575021568383,63.93413953460765,0.90106,3,1
Feature,"{ ""height"": 0.32489949464797901, ""confidence"": 0.99980002641677812 }",2135,3,0.8996,2.0,217.90858867200689,61.177656154366936,436488.7727687008,4461764.724829626,180.8828831394012,56.55979943385047,0.9163600000000001,3,3
Feature,"{ ""height"": 5.9862880706787109, ""confidence"": 0.96369999647140503 }",2170,3,0.9055,3.0,320.82077665939204,71.64974542904912,436185.2782230476,4461388.117779155,241.4715603862582,64.69764404849634,0.9167,3,4
Feature,"{ ""height"": 0.91830062866210904, ""confidence"": 0.99970000982284513 }",2187,2,0.5578,3.0,174.13531888974563,53.21011682325789,437878.0660903879,4462671.685520574,1621.9043778460532,175.8023908892519,0.7335,2,3
Feature,"{ ""height"": 0.92695742845535212, ""confidence"": 0.9623000025749201 }",2226,3,0.9093,3.0,295.3962384138955,73.2029446282626,436613.1063808514,4461282.23426676,207.24959405673513,61.99207442157564,0.84168,3,3
Feature,"{ ""height"": 4.0567326545715332, ""confidence"": 0.9957000017166131 }",2273,3,0.9326,2.0,227.21704503107932,62.33876123389166,436226.4847647876,4461224.306472073,196.56565041436812,54.47199140805001,0.91358,3,4
Feature,"{ ""height"": 2.32268214225769, ""confidence"": 0.98869997262954712 }",2312,0,0.8403,3.0,328.7035022700816,75.7513289823248,436356.1301300164,4462421.055173727,346.0549090051567,80.79308195202559,0.79688,3,1
Feature,"{ ""height"": 0.98709517717361406, ""confidence"": 0.9801999926567071 }",2314,3,0.9065,3.0,212.2623101286743,61.11029829789175,436168.298162311,4462101.454397639,201.94948755671751,57.158392092845546,0.90976,3,1
Feature,"{ ""height"": 0.055848259478807005, ""confidence"": 0.99260002374649003 }",2333,3,0.8779,0.0,245.59852764264727,64.59996664238126,435490.6467766231,4461547.847134947,304.52221541406055,76.43068938247923,0.9099600000000001,3,1
Feature,"{ ""height"": 0.30333176255226102, ""confidence"": 0.97860002517700206 }",2515,2,0.1091,3.0,655.5290714235077,116.34123823057791,435215.16262829053,4462526.163315832,539.2104732636974,102.44159723123016,0.8636800000000001,0,1
Feature,"{ ""height"": 4.7468533515930185, ""confidence"": 0.98930001258850109 }",2564,3,0.9399,3.0,222.23806324125908,61.162984080772674,436922.7374031187,4460694.334317849,207.56507023989676,59.5328157394553,0.8773200000000001,3,3
Feature,"{ ""height"": 1.0, ""confidence"": 0.98489999771118109 }",2644,3,0.8909,3.0,168.07616583344773,51.86494615396075,435946.9970599364,4460753.965208039,196.99695532467692,58.6466034727092,0.9084,3,4
