epoch,time,train/box_loss,train/cls_loss,train/dfl_loss,metrics/precision(B),metrics/recall(B),metrics/mAP50(B),metrics/mAP50-95(B),val/box_loss,val/cls_loss,val/dfl_loss,lr/pg0,lr/pg1,lr/pg2
1,48.4399,3.76122,4.68752,4.27642,0,0,0,0,3.04529,4.60261,4.15887,6.666e-05,6.666e-05,6.666e-05
2,105.107,3.68414,4.544,4.23486,0,0,0,0,3.04633,4.60759,4.15765,0.000143477,0.000143477,0.000143477
3,228.234,3.61114,4.45256,4.20031,0,0,0,0,3.04842,4.62528,4.1551,0.000219267,0.000219267,0.000219267
4,286.618,3.41709,4.32545,4.17467,0,0,0,0,3.05174,4.64891,4.15215,0.000294031,0.000294031,0.000294031
5,346.981,3.51413,4.22919,4.15069,0,0,0,0,3.06002,4.70277,4.1468,0.000367768,0.000367768,0.000367768
6,767.805,3.38887,4.15757,4.1332,0,0,0,0,3.07123,4.76606,4.14411,0.000440478,0.000440478,0.000440478
7,1724.67,3.44573,3.84504,3.99493,0,0,0,0,3.10767,4.96061,4.15117,0.000512162,0.000512162,0.000512162
8,1773.57,3.27097,3.75981,3.97129,0,0,0,0,3.13527,5.08109,4.15989,0.000582819,0.000582819,0.000582819
9,1821.13,3.20509,3.64418,3.92152,0,0,0,0,3.18781,5.29024,4.19778,0.00065245,0.00065245,0.00065245
10,2802.45,3.18575,3.4299,3.8299,0,0,0,0,3.23505,5.45787,4.25281,0.000721055,0.000721055,0.000721055
11,2851.55,3.19324,3.28583,3.72713,0,0,0,0,3.25384,5.5233,4.2944,0.000788632,0.000788632,0.000788632
12,2898.49,3.08025,2.87506,3.55216,0,0,0,0,3.3427,5.95019,4.42114,0.000855183,0.000855183,0.000855183
13,3194.51,3.02867,2.78633,3.47994,3e-05,0.01923,2e-05,0,3.36835,6.02316,4.46021,0.000920708,0.000920708,0.000920708
14,3242.78,2.97939,2.72905,3.3534,0.00011,0.09661,0.00017,5e-05,3.38584,5.98554,4.4868,0.000985206,0.000985206,0.000985206
15,3292.68,2.95789,2.65452,3.29684,0.00025,0.07446,0.00015,4e-05,3.36942,5.96011,4.51463,0.00100834,0.00100834,0.00100834
16,3538.03,2.97941,2.48377,3.12214,0,0,0,0,3.37343,5.78924,4.48213,0.00100101,0.00100101,0.00100101
17,3587.49,2.8688,2.55523,3.14699,4e-05,0.01923,3e-05,1e-05,3.3753,5.61524,4.46322,0.000993678,0.000993678,0.000993678
18,3634.55,2.66127,2.42484,2.98918,0.00021,0.06856,0.00015,5e-05,3.38236,5.43802,4.41662,0.000986346,0.000986346,0.000986346
19,3681.38,2.67214,2.42475,2.95663,0.00022,0.06856,0.00245,0.00041,3.34664,5.54965,4.42611,0.000979013,0.000979013,0.000979013
20,3853.63,2.70105,2.41043,2.93641,0.2775,0.04127,0.02195,0.00541,3.32832,5.30809,4.29122,0.000971681,0.000971681,0.000971681
21,3902.19,2.52473,2.21875,2.81048,0.54623,0.05223,0.01871,0.00346,3.45113,4.91485,4.09847,0.000964348,0.000964348,0.000964348
22,3951.52,2.61772,2.43583,2.95108,0.56617,0.03989,0.02683,0.00605,3.35922,6.27758,4.0989,0.000957015,0.000957015,0.000957015
23,4441.53,2.55264,2.25917,2.82033,0.0103,0.1501,0.01816,0.00281,3.22145,10.8285,3.77844,0.000949683,0.000949683,0.000949683
24,4490.7,2.42725,2.20687,2.77694,0.49649,0.09449,0.04775,0.01023,3.12343,10.5098,3.66493,0.00094235,0.00094235,0.00094235
25,4539.99,2.43507,2.27404,2.74482,0.46419,0.08638,0.06156,0.01555,3.00277,11.2605,3.55076,0.000935018,0.000935018,0.000935018
26,4962.99,2.35368,2.16972,2.68937,0.30623,0.44465,0.07532,0.02259,2.77221,11.3917,3.33253,0.000927685,0.000927685,0.000927685
27,5019.21,2.35908,2.20817,2.7158,0.4344,0.14096,0.11974,0.03685,2.54436,6.00067,2.9679,0.000920352,0.000920352,0.000920352
28,5074.24,2.23689,2.02503,2.52312,0.171,0.1279,0.10827,0.03854,2.38268,3.92501,2.92383,0.00091302,0.00091302,0.00091302
29,5123.46,2.22435,2.02898,2.57031,0.15206,0.18375,0.13409,0.04766,2.24268,2.91866,2.86883,0.000905687,0.000905687,0.000905687
30,5173.11,2.22662,2.07169,2.6359,0.15894,0.34523,0.14474,0.04963,2.27214,4.46003,2.84594,0.000898355,0.000898355,0.000898355
31,5222.17,2.20819,2.15175,2.56664,0.08591,0.28072,0.10189,0.03636,2.18834,3.73049,2.78702,0.000891022,0.000891022,0.000891022
32,5676.75,2.19367,2.09031,2.54658,0.7985,0.18453,0.17786,0.05904,2.21185,2.14319,2.75413,0.000883689,0.000883689,0.000883689
33,5885.32,2.16658,1.9456,2.48404,0.89302,0.15884,0.16851,0.06115,2.16617,2.07434,2.71624,0.000876357,0.000876357,0.000876357
34,5933.28,2.08388,1.976,2.47133,0.7196,0.19613,0.21984,0.08491,2.11386,1.95573,2.64375,0.000869024,0.000869024,0.000869024
35,6003.93,2.12306,2.00258,2.5234,0.49976,0.2581,0.21769,0.08683,2.07716,1.96982,2.57243,0.000861692,0.000861692,0.000861692
36,6052.63,2.13225,1.93636,2.44921,0.49247,0.30195,0.21915,0.08576,2.10308,2.07907,2.58095,0.000854359,0.000854359,0.000854359
37,6101.92,2.0855,1.83415,2.43305,0.2245,0.2958,0.21164,0.07794,2.18614,2.18496,2.64991,0.000847026,0.000847026,0.000847026
38,6151.34,2.08196,1.87551,2.40255,0.5188,0.29893,0.2357,0.0887,2.12433,1.98068,2.59851,0.000839694,0.000839694,0.000839694
39,6201.54,2.04606,1.78529,2.38497,0.49495,0.28959,0.24892,0.09446,2.1184,1.94807,2.67983,0.000832361,0.000832361,0.000832361
40,6250.53,2.05937,1.86911,2.34695,0.46504,0.29252,0.25467,0.11068,1.99029,1.86238,2.51002,0.000825029,0.000825029,0.000825029
41,6971.89,2.00361,1.84775,2.36073,0.48727,0.30473,0.26638,0.11917,1.96735,1.84282,2.45785,0.000817696,0.000817696,0.000817696
42,7019.36,2.02209,1.90506,2.32749,0.53364,0.29603,0.26932,0.11937,1.91443,1.87727,2.40768,0.000810363,0.000810363,0.000810363
43,7066.5,1.98912,1.80207,2.30238,0.60179,0.25834,0.2494,0.10854,1.92416,1.80141,2.43404,0.000803031,0.000803031,0.000803031
44,7113.06,1.94184,1.79329,2.34559,0.50057,0.26497,0.23938,0.10113,2.03982,1.8414,2.54193,0.000795698,0.000795698,0.000795698
45,7265.33,1.9136,1.77275,2.30949,0.56458,0.25888,0.24104,0.10436,2.02755,1.91213,2.56477,0.000788366,0.000788366,0.000788366
46,7312.11,1.89834,1.67144,2.23516,0.25402,0.26156,0.24612,0.10417,1.99356,2.0164,2.56274,0.000781033,0.000781033,0.000781033
47,7359.82,1.94532,1.79052,2.2822,0.51855,0.25991,0.33679,0.13434,1.98887,2.01069,2.46874,0.0007737,0.0007737,0.0007737
48,7568.1,1.97029,1.70051,2.30105,0.55575,0.34815,0.38538,0.16918,1.86377,1.61692,2.363,0.000766368,0.000766368,0.000766368
49,7614.68,1.92648,1.76763,2.25288,0.62475,0.28646,0.4044,0.17122,1.88308,1.61931,2.39624,0.000759035,0.000759035,0.000759035
50,7662.16,1.90714,1.74246,2.2045,0.5257,0.32301,0.29013,0.13886,1.79674,1.62602,2.27975,0.000751703,0.000751703,0.000751703
51,8768.08,1.94821,1.69377,2.22951,0.80304,0.23521,0.2804,0.13605,1.80681,1.63076,2.27779,0.00074437,0.00074437,0.00074437
52,8815.16,1.90559,1.74949,2.24901,0.73032,0.26706,0.29306,0.14268,1.84064,1.61133,2.30726,0.000737037,0.000737037,0.000737037
53,8860.83,1.94132,1.697,2.26999,0.45433,0.29575,0.28931,0.14525,1.82774,1.60886,2.26622,0.000729705,0.000729705,0.000729705
54,9587.93,1.9506,1.66303,2.26276,0.53175,0.38867,0.31528,0.15372,1.83009,1.60195,2.27069,0.000722372,0.000722372,0.000722372
55,9634.97,1.86755,1.64095,2.22876,0.58532,0.38453,0.33834,0.16181,1.77888,1.50663,2.27135,0.00071504,0.00071504,0.00071504
56,9681.62,1.8456,1.72378,2.21446,0.71714,0.35951,0.36728,0.17073,1.8097,1.57211,2.26164,0.000707707,0.000707707,0.000707707
57,9852.68,1.89628,1.59435,2.17135,0.65711,0.40496,0.36906,0.183,1.7912,1.59108,2.25495,0.000700374,0.000700374,0.000700374
58,9901.56,1.89593,1.66651,2.1985,0.5374,0.32256,0.3184,0.14469,1.78857,1.58169,2.2973,0.000693042,0.000693042,0.000693042
59,9949.49,1.86296,1.67728,2.14255,0.64419,0.25857,0.29626,0.14568,1.75934,1.55,2.23327,0.000685709,0.000685709,0.000685709
60,9997.78,1.81144,1.5485,2.1389,0.52714,0.31298,0.30737,0.15356,1.76223,1.53048,2.23855,0.000678377,0.000678377,0.000678377
61,10900.5,1.86887,1.64574,2.19463,0.53924,0.32945,0.31167,0.1516,1.73993,1.54053,2.2441,0.000671044,0.000671044,0.000671044
62,10947.9,1.86882,1.56303,2.18361,0.67768,0.29904,0.34146,0.17656,1.74079,1.54341,2.23976,0.000663711,0.000663711,0.000663711
63,10995.1,1.87073,1.66276,2.22155,0.64014,0.30102,0.34235,0.17286,1.77933,1.49608,2.24578,0.000656379,0.000656379,0.000656379
64,11569,1.83285,1.64393,2.15356,0.5527,0.33142,0.34266,0.1676,1.74087,1.47635,2.22562,0.000649046,0.000649046,0.000649046
65,11615.9,1.78638,1.61196,2.12937,0.61785,0.38158,0.3504,0.16983,1.74159,1.47468,2.2428,0.000641714,0.000641714,0.000641714
66,11663.1,1.82261,1.5548,2.09379,0.65545,0.35284,0.37841,0.17752,1.7167,1.4932,2.2189,0.000634381,0.000634381,0.000634381
67,12527.3,1.81694,1.60925,2.12148,0.62764,0.37262,0.38144,0.19175,1.74023,1.52022,2.20831,0.000627048,0.000627048,0.000627048
68,12576.1,1.76429,1.50917,2.06495,0.58484,0.3325,0.32494,0.16873,1.68197,1.47816,2.15508,0.000619716,0.000619716,0.000619716
69,12623.7,1.81041,1.63499,2.1672,0.59125,0.33701,0.34246,0.18403,1.66221,1.43795,2.14485,0.000612383,0.000612383,0.000612383
70,12671.4,1.7917,1.58649,2.12608,0.64463,0.32928,0.35452,0.18982,1.64769,1.46674,2.11952,0.000605051,0.000605051,0.000605051
71,13272.4,1.84794,1.66699,2.14652,0.68335,0.32541,0.35952,0.17733,1.66609,1.46204,2.13919,0.000597718,0.000597718,0.000597718
72,13357.4,1.7985,1.50965,2.08542,0.704,0.33193,0.36107,0.17806,1.7101,1.46566,2.19593,0.000590385,0.000590385,0.000590385
73,13406.3,1.78081,1.44392,2.05531,0.739,0.33279,0.37494,0.18468,1.70478,1.44362,2.18731,0.000583053,0.000583053,0.000583053
74,13453.7,1.7363,1.50759,2.09626,0.64461,0.36251,0.40524,0.21189,1.72227,1.42751,2.18416,0.00057572,0.00057572,0.00057572
75,13526.6,1.78482,1.52026,2.1255,0.74092,0.35268,0.41282,0.2231,1.70644,1.40281,2.1693,0.000568388,0.000568388,0.000568388
76,13575.7,1.80118,1.58159,2.13237,0.77865,0.37244,0.42632,0.2286,1.66144,1.41029,2.14696,0.000561055,0.000561055,0.000561055
77,13626.2,1.77174,1.51703,2.13546,0.65825,0.41737,0.42684,0.23064,1.64327,1.4058,2.13108,0.000553722,0.000553722,0.000553722
78,13933,1.79872,1.49723,2.04953,0.57656,0.458,0.42132,0.22728,1.66509,1.41041,2.15155,0.00054639,0.00054639,0.00054639
79,13982.7,1.73128,1.43182,2.05247,0.62175,0.36421,0.40484,0.21249,1.68606,1.40024,2.16747,0.000539057,0.000539057,0.000539057
80,14032.4,1.76141,1.4473,2.09596,0.59155,0.39077,0.36212,0.18705,1.73503,1.4088,2.22373,0.000531725,0.000531725,0.000531725
81,14081.4,1.78562,1.53103,2.0894,0.60213,0.37542,0.3698,0.19629,1.67267,1.40801,2.14558,0.000524392,0.000524392,0.000524392
82,14130.7,1.70312,1.51749,2.02966,0.66492,0.38707,0.42218,0.22208,1.63896,1.39417,2.10063,0.000517059,0.000517059,0.000517059
83,14178.5,1.74985,1.42416,2.07139,0.78224,0.31576,0.38898,0.21304,1.61107,1.34156,2.11398,0.000509727,0.000509727,0.000509727
84,14316.7,1.74177,1.52996,2.09868,0.64336,0.36573,0.40322,0.22134,1.66939,1.3542,2.15875,0.000502394,0.000502394,0.000502394
85,14365.2,1.74642,1.49406,2.05028,0.63825,0.37313,0.41912,0.23267,1.67239,1.38297,2.1626,0.000495062,0.000495062,0.000495062
86,14413.9,1.67243,1.45466,2.01618,0.71451,0.39533,0.43745,0.23236,1.67185,1.39238,2.16751,0.000487729,0.000487729,0.000487729
87,14461.8,1.6942,1.37495,2.00821,0.68947,0.4282,0.40708,0.21943,1.65442,1.34005,2.13306,0.000480396,0.000480396,0.000480396
88,15009.2,1.70742,1.38579,1.99293,0.61872,0.38592,0.38245,0.20286,1.69942,1.36711,2.16469,0.000473064,0.000473064,0.000473064
89,15056.5,1.70912,1.33864,2.00251,0.59083,0.43395,0.3893,0.21352,1.67951,1.36841,2.15636,0.000465731,0.000465731,0.000465731
90,15104.7,1.66496,1.36353,2.0073,0.6911,0.39186,0.42041,0.23831,1.61299,1.34822,2.10507,0.000458399,0.000458399,0.000458399
91,15154.2,1.68699,1.42203,2.01848,0.65141,0.42078,0.43062,0.2491,1.58115,1.34236,2.06095,0.000451066,0.000451066,0.000451066
92,15204.2,1.66329,1.45776,2.00602,0.68779,0.42815,0.44251,0.26024,1.5858,1.311,2.0499,0.000443733,0.000443733,0.000443733
93,15254.2,1.66285,1.42081,2.02181,0.67339,0.44341,0.44196,0.2605,1.58599,1.29945,2.05338,0.000436401,0.000436401,0.000436401
94,15304.6,1.72738,1.39313,2.00987,0.75066,0.40878,0.44618,0.25517,1.59567,1.29203,2.08098,0.000429068,0.000429068,0.000429068
95,15356,1.73756,1.44969,2.05956,0.81,0.38818,0.4652,0.27231,1.53915,1.27259,2.0359,0.000421736,0.000421736,0.000421736
96,15432.6,1.66688,1.36014,2.00469,0.83964,0.36869,0.46371,0.26696,1.63223,1.28529,2.07112,0.000414403,0.000414403,0.000414403
97,15494.8,1.6331,1.32675,1.95038,0.67492,0.3814,0.44599,0.25482,1.62309,1.30846,2.05461,0.00040707,0.00040707,0.00040707
98,15544.2,1.71847,1.45958,2.04399,0.65416,0.45616,0.43813,0.24521,1.57299,1.3677,2.04586,0.000399738,0.000399738,0.000399738
99,15592.2,1.68428,1.39923,2.01049,0.70659,0.45621,0.44568,0.24276,1.58721,1.33325,2.05694,0.000392405,0.000392405,0.000392405
100,15869.4,1.69198,1.36758,2.02431,0.71714,0.40986,0.42879,0.24116,1.59795,1.27958,2.07263,0.000385073,0.000385073,0.000385073
101,15921,1.64447,1.35662,1.95831,0.69675,0.41506,0.41719,0.2349,1.58974,1.28613,2.06578,0.00037774,0.00037774,0.00037774
102,15972.6,1.68699,1.44257,2.05312,0.66494,0.44679,0.43105,0.24884,1.5593,1.28591,2.03937,0.000370407,0.000370407,0.000370407
103,16021.7,1.66183,1.36325,1.98994,0.70988,0.4602,0.48379,0.2867,1.50433,1.23935,2.00101,0.000363075,0.000363075,0.000363075
104,16146.5,1.63098,1.4133,2.01235,0.75387,0.48887,0.49284,0.28578,1.53043,1.25789,2.00728,0.000355742,0.000355742,0.000355742
105,16196.1,1.67966,1.42534,2.01288,0.71558,0.48297,0.48182,0.2776,1.52915,1.25774,2.0108,0.00034841,0.00034841,0.00034841
106,16246.3,1.63311,1.33844,1.93225,0.7977,0.44125,0.48597,0.28099,1.50276,1.22848,2.00897,0.000341077,0.000341077,0.000341077
107,16338.8,1.62122,1.38693,1.959,0.76126,0.45055,0.48396,0.27346,1.50931,1.21568,2.00337,0.000333744,0.000333744,0.000333744
108,16388.8,1.6118,1.30819,1.90084,0.67707,0.46222,0.46475,0.2658,1.51306,1.20254,1.98923,0.000326412,0.000326412,0.000326412
109,16438.8,1.66588,1.35531,1.94676,0.63668,0.46925,0.46137,0.26393,1.52752,1.19916,1.9908,0.000319079,0.000319079,0.000319079
110,17100.6,1.64701,1.37911,2.00702,0.67105,0.51252,0.49435,0.28882,1.51748,1.19238,1.98633,0.000311747,0.000311747,0.000311747
111,17149.9,1.67951,1.39015,1.97927,0.88747,0.42767,0.51162,0.29036,1.49517,1.17257,1.98378,0.000304414,0.000304414,0.000304414
112,17199.5,1.61551,1.32782,1.93436,0.8619,0.4081,0.50086,0.29284,1.48793,1.18349,1.98107,0.000297081,0.000297081,0.000297081
113,17847.7,1.60062,1.33163,1.97555,0.75353,0.40403,0.45864,0.26383,1.47961,1.19252,1.97343,0.000289749,0.000289749,0.000289749
114,17897.8,1.61698,1.36435,1.93748,0.71724,0.49233,0.50677,0.30943,1.46574,1.18605,1.95096,0.000282416,0.000282416,0.000282416
115,18123.8,1.61348,1.38822,1.97128,0.7479,0.47669,0.52084,0.31602,1.47329,1.1532,1.95484,0.000275084,0.000275084,0.000275084
116,18218.4,1.61169,1.34053,1.98293,0.76483,0.48776,0.51912,0.31322,1.49119,1.15277,1.97646,0.000267751,0.000267751,0.000267751
117,18267.1,1.60435,1.32116,1.95585,0.76727,0.5074,0.52745,0.31615,1.52925,1.15992,1.99457,0.000260418,0.000260418,0.000260418
118,18316.7,1.69125,1.33207,1.97407,0.80956,0.46761,0.52979,0.31409,1.52592,1.16219,2.00276,0.000253086,0.000253086,0.000253086
119,18910.7,1.56918,1.31642,1.94195,0.79073,0.50792,0.56465,0.32985,1.46634,1.15217,1.97632,0.000245753,0.000245753,0.000245753
120,18973.4,1.6293,1.31757,1.93516,0.77594,0.47976,0.55294,0.32888,1.4558,1.14901,1.96159,0.000238421,0.000238421,0.000238421
121,19023.1,1.59837,1.29158,1.90368,0.75727,0.46641,0.5345,0.32947,1.4446,1.1447,1.94662,0.000231088,0.000231088,0.000231088
122,19072.6,1.58179,1.27937,1.9175,0.70499,0.45508,0.51642,0.32326,1.42716,1.13934,1.93245,0.000223755,0.000223755,0.000223755
123,19843.7,1.56933,1.34386,1.90356,0.70645,0.44283,0.51007,0.32917,1.41469,1.13305,1.90936,0.000216423,0.000216423,0.000216423
124,19892.9,1.5868,1.31383,1.93237,0.73225,0.48242,0.51938,0.3325,1.42544,1.12845,1.92203,0.00020909,0.00020909,0.00020909
125,19941.2,1.56453,1.28026,1.89973,0.74764,0.49191,0.52137,0.33159,1.44007,1.12906,1.93595,0.000201758,0.000201758,0.000201758
126,19988.7,1.59918,1.24996,1.89952,0.76113,0.48785,0.53534,0.34539,1.43567,1.13201,1.92443,0.000194425,0.000194425,0.000194425
127,20036.8,1.60679,1.25789,1.9222,0.79294,0.45094,0.54582,0.35029,1.42809,1.14388,1.91021,0.000187092,0.000187092,0.000187092
128,20085.7,1.57354,1.22385,1.91297,0.76914,0.45914,0.54918,0.34801,1.41777,1.13495,1.90127,0.00017976,0.00017976,0.00017976
129,20634,1.53955,1.20538,1.87295,0.73499,0.51076,0.55396,0.34301,1.40241,1.11834,1.89714,0.000172427,0.000172427,0.000172427
130,20683.3,1.55835,1.19164,1.84305,0.78482,0.5263,0.56456,0.34294,1.39422,1.097,1.90113,0.000165095,0.000165095,0.000165095
131,20732.5,1.55986,1.16287,1.88356,0.88839,0.45186,0.57244,0.35258,1.38234,1.07069,1.88479,0.000157762,0.000157762,0.000157762
132,20781.6,1.55969,1.23065,1.91802,0.84769,0.49658,0.58626,0.36928,1.39251,1.0611,1.86802,0.000150429,0.000150429,0.000150429
133,20831.9,1.56105,1.24823,1.87757,0.85655,0.49472,0.5895,0.3774,1.42888,1.07651,1.88599,0.000143097,0.000143097,0.000143097
134,20881.6,1.60058,1.26829,1.88758,0.84793,0.49115,0.59072,0.37191,1.43589,1.09671,1.9031,0.000135764,0.000135764,0.000135764
135,20930,1.54048,1.25626,1.86501,0.83471,0.49889,0.58436,0.37506,1.39266,1.07741,1.88799,0.000128432,0.000128432,0.000128432
136,20978.6,1.54076,1.2213,1.90863,0.80368,0.5032,0.58273,0.38182,1.38931,1.06728,1.88031,0.000121099,0.000121099,0.000121099
137,21789.4,1.56544,1.24311,1.85771,0.81172,0.48875,0.57902,0.37728,1.39855,1.06848,1.88084,0.000113766,0.000113766,0.000113766
138,21917.2,1.62691,1.22226,1.88155,0.8527,0.48511,0.57966,0.37368,1.39614,1.0706,1.87816,0.000106434,0.000106434,0.000106434
139,21965,1.5821,1.26862,1.91499,0.83745,0.46464,0.57965,0.37959,1.38419,1.07889,1.87462,9.91012e-05,9.91012e-05,9.91012e-05
140,22014.7,1.58617,1.28932,1.9104,0.8374,0.44923,0.56861,0.37095,1.37565,1.08787,1.87117,9.17686e-05,9.17686e-05,9.17686e-05
141,22532.8,1.53018,1.42371,1.93811,0.85833,0.43111,0.57559,0.37559,1.37727,1.10375,1.86835,8.4436e-05,8.4436e-05,8.4436e-05
142,22580.3,1.48161,1.29934,1.87156,0.7783,0.476,0.58094,0.37604,1.40836,1.14441,1.87286,7.71034e-05,7.71034e-05,7.71034e-05
143,23065.1,1.45799,1.32993,1.88985,0.78827,0.50182,0.58179,0.36973,1.46145,1.1814,1.89692,6.97708e-05,6.97708e-05,6.97708e-05
144,23111.7,1.49665,1.27297,1.87846,0.81161,0.50234,0.58833,0.36977,1.48205,1.19855,1.90858,6.24382e-05,6.24382e-05,6.24382e-05
145,23161,1.52273,1.35796,1.91111,0.79823,0.50334,0.59573,0.37882,1.47097,1.2002,1.9023,5.51056e-05,5.51056e-05,5.51056e-05
146,23207.7,1.49821,1.32738,1.89108,0.81723,0.50285,0.65519,0.42987,1.42479,1.18264,1.87866,4.7773e-05,4.7773e-05,4.7773e-05
147,23256.7,1.49618,1.3397,1.87461,0.84567,0.49469,0.66401,0.44044,1.38919,1.16762,1.8609,4.04404e-05,4.04404e-05,4.04404e-05
148,23375.6,1.50251,1.32299,1.90082,0.85645,0.49313,0.66732,0.44637,1.37686,1.16023,1.85452,3.31078e-05,3.31078e-05,3.31078e-05
149,23424.9,1.57982,1.36963,1.99404,0.85756,0.49424,0.6765,0.4517,1.3721,1.15748,1.85203,2.57752e-05,2.57752e-05,2.57752e-05
150,23473.1,1.45795,1.28903,1.86535,0.87188,0.493,0.67619,0.45133,1.36629,1.14554,1.85022,1.84426e-05,1.84426e-05,1.84426e-05
