ID,yolo_pred,Confidence,Area_sqm,Perimeter_m,RF_Prediction
11471,3,0.9527,278.38813298706185,72.19490084602191,3
4117,2,0.7519,123.8334970193278,56.50651667842587,2
4671,3,0.5376,55.49150341812968,29.855252342418837,3
4103,3,0.8855,229.4484708365891,64.047607407617,3
276,3,0.8949,289.2999896211536,73.44557711886918,3
9396,3,0.7349,113.80625355836617,51.40018357053585,3
10784,3,0.8421,142.13452591047445,52.50688157862081,3
5037,3,0.6379,81.65314322975657,41.193105419374525,3
2002,3,0.7873,161.07581619365075,56.317756869376346,3
5786,2,0.9432,2361.900752257244,244.21827359631013,2
1443,2,0.7994,611.5035685363166,107.67582336660804,2
7998,1,0.8652,36.50608049191766,44.472389630961715,3
1331,3,0.7482,266.62444555078844,70.93241213421572,3
7026,3,0.9076,258.4298062111986,73.95992919970604,3
1457,3,0.8077,143.66530863429682,52.510491774281,3
11049,3,0.9025,110.08231453512477,42.044549575274694,3
2604,0,0.5493,163.14414256860567,54.15522058401627,3
10425,3,0.6233,144.53113554185404,52.13340443872198,3
9037,3,0.9311,101.06052464724024,41.82995935087399,3
666,3,0.8849,132.1349316029235,46.958111953097344,3
5341,3,0.8459,364.8944287637888,100.01624422046665,3
8103,3,0.836,254.45565035983455,67.64242588485693,3
8117,3,0.6121,81.39344785753573,36.92977646070558,3
3724,3,0.8246,250.0507892509095,72.25666869908413,3
6112,3,0.8395,10.898157527668015,13.80681264704681,3
5369,3,0.6439,166.65791896669012,54.490746601381375,3
10141,3,0.8733,157.48919880643777,54.25545335396538,3
6660,3,0.9046,94.11807699949232,38.942658839334456,3
1866,3,0.7938,1552.9958902934263,211.8247390524508,2
10828,0,0.9051,696.0705455372354,134.46655864307525,3
458,3,0.8897,174.27938188476065,54.54629810657622,3
9591,3,0.7772,118.01485526920774,50.01928273369212,3
459,3,0.8408,276.3159218602458,79.89941339657855,3
4089,0,0.5975,1470.3775816897005,215.97737410455065,2
6852,0,0.8025,646.936686206039,129.78734218819838,0
4923,3,0.7308,80.9203553897533,36.710226824904936,3
4710,3,0.7712,312.1039193802588,77.00295104506448,3
11504,3,0.9379,119.30675724979484,51.62009612307598,3
8670,3,0.7849,159.04888348715332,52.401014627034186,3
1126,3,0.516,20.886913185640545,18.495928014702265,0
11935,3,0.77,583.3255813748181,138.11929603690763,3
10395,3,0.873,277.12773022139964,69.51452893948442,3
897,3,0.8848,277.43904588559235,74.82429655278874,3
1495,3,0.9007,111.40270935174388,45.24777058135521,3
2836,2,0.6709,1253.760604088758,163.24445941393,2
6305,3,0.5551,53.04698370190423,29.41134269523014,3
2163,3,0.7175,98.8218395622205,41.15830394557065,3
10430,3,0.9143,211.09432568395755,65.4182882477084,3
7769,2,0.6421,148.27143140342662,50.77373196024648,3
2611,3,0.8675,88.08689511685708,48.074439977785175,3
8466,3,0.7019,39.57524450892427,29.017661860742106,3
1287,3,0.8864,210.67126082098457,58.13637810478194,3
5787,3,0.5398,134.6573620045045,57.47827492970431,3
9624,2,0.639,1046.4110847512266,207.2911559452712,2
11896,3,0.9095,141.2561921628458,50.34503634415437,3
6503,3,0.9284,226.89206576348124,71.45051725575559,3
2765,3,0.7002,105.77398396704815,41.15476932841244,3
5036,3,0.9534,221.10136767745996,63.00770907921694,3
1091,0,0.8625,128.3135932063555,50.32457185127664,3
12145,2,0.9686,234.50106253257687,67.68988417689144,3
3679,3,0.5002,137.39566064965632,47.659420573284194,2
12151,0,0.9084,262.9707279982918,70.09339863464793,3
5546,3,0.5845,117.1980305815746,43.62163197703114,3
1046,3,0.9195,326.28753931380135,81.93457333131408,3
11314,3,0.5578,80.28590560941775,36.471802737965255,3
5544,3,0.9069,46.54001043284502,28.15620299576569,3
8074,0,0.5922,230.95047234428728,62.78144839454096,3
3690,3,0.8652,138.11116986548188,48.22283432040207,3
5587,2,0.7666,4357.93328945882,355.1723367954767,2
8909,3,0.727,207.804637453096,69.39794937104344,3
10208,3,0.7973,151.9237187883541,52.324122622232785,3
7637,3,0.8276,105.02790763034209,44.05991642062225,3
8510,3,0.8729,70.67351851304484,35.4408131860198,3
7623,3,0.9669,276.0008354624195,73.64599137326704,3
3323,3,0.8267,277.7812818901717,66.77938868008229,3
7145,2,0.7362,270.5821511928403,67.25549869607616,3
936,3,0.8915,191.1825018218029,62.09847188123558,3
5785,3,0.8216,1054.4067528511805,182.61964241120285,2
9801,3,0.9153,172.71606609940144,55.90876323881832,3
3486,3,0.9091,226.9113339105996,68.15784312732951,3
2940,2,0.7978,1332.8305091888749,277.2597862854168,2
705,3,0.7201,257.95435851791296,65.57388124053337,3
11843,3,0.8552,98.75758632793706,41.256785124130175,3
11076,3,0.8037,75.174201140395,36.49415795931557,3
1440,3,0.8654,97.04584139574568,39.60035636571738,3
665,3,0.8965,85.56478964480544,40.049288656439586,3
3294,1,0.8052,384.22042808398606,90.61157357422016,3
2439,3,0.788,109.70316882890006,42.304474569976335,3
8114,3,0.8311,158.41235386259942,53.00117218750216,3
7555,3,0.9085,349.85800637880976,81.91327185593252,3
9578,3,0.916,217.2057884597799,65.46382252036238,3
8128,3,0.8538,277.32669547997347,89.48408242524458,3
6111,3,0.5453,171.97621202259765,57.01977119897375,3
1118,3,0.6486,224.62851976711048,60.11805236238496,3
9544,3,0.9265,268.7452059738791,67.17082649954781,3
1695,3,0.8913,411.3871565656837,95.6289096704571,3
10803,3,0.6347,168.48343778096438,51.93602586578536,3
2388,0,0.6574,1644.0429038303223,201.22516856428751,2
9593,3,0.6425,149.42685766575516,55.66798429702991,3
10180,3,0.5103,43.67169409130083,26.613810674181774,0
314,3,0.5838,60.23399075578453,32.714509920885355,3
4920,0,0.6432,390.4460466669617,88.95936141769312,3
5419,3,0.9135,118.40746712159456,52.366714511965874,3
8897,0,0.7786,688.8060183735387,145.11462779135982,3
6892,3,0.8589,77.29705806311433,39.30912062134919,3
3732,3,0.8234,110.76400293210412,42.28056633852642,3
6886,3,0.7971,75.19474845106406,34.6990912563017,3
7540,3,0.7104,192.6777267462398,60.52945684965008,3
6138,3,0.8733,231.90629704003143,70.37308545369906,3
2809,3,0.8112,108.46348216677517,41.673755868341075,3
10382,3,0.782,129.1358142106346,46.11103538573059,3
9974,3,0.8011,183.26884059974637,60.87576825852197,3
9009,0,0.9408,985.5419179397088,170.78456686608016,0
1455,3,0.8637,149.9471803467551,55.25036381330729,3
11842,3,0.8268,252.9492286241725,71.1639771532775,3
10584,3,0.8242,299.4101532149283,88.53234251850608,3
9814,3,0.8916,151.61570768291398,54.13731548491672,3
1290,3,0.6347,136.39896798283704,49.565579649626585,3
4317,3,0.6824,100.42717520519298,41.688429179524725,3
11659,3,0.7464,151.55601388685827,51.63347186943132,3
7178,3,0.876,243.88223880696273,66.97605073956758,3
9169,3,0.8628,157.01503022646614,54.304506346894115,3
7385,3,0.768,62.70510441467912,33.9118021803671,3
10023,3,0.5888,120.3198141631852,57.073347944361394,3
6702,3,0.8971,316.147163719406,75.26272139893759,3
7408,3,0.7098,82.25939525411405,36.325341628797176,3
9425,3,0.8765,132.97825066338416,46.75742705007114,3
4667,3,0.9292,325.9787450613121,83.27895074698941,3
3108,3,0.95,195.84071747331924,65.43423131209127,3
5551,3,0.8125,87.62096154846783,38.017424719168346,3
6058,3,0.752,99.55903379407071,42.79683929553087,3
8713,3,0.5688,50.19941559778054,28.471018119219536,3
7420,3,0.6358,89.37439857257553,42.494560288000855,3
4883,3,0.7903,413.4195436502632,101.0460139535996,3
7418,3,0.8231,76.46963085240715,35.42606717903271,3
2206,3,0.9394,6.6788835307533185,11.33656469679998,3
8065,3,0.6778,210.0404065748128,64.79715713292916,3
9409,3,0.8594,203.88166185653392,68.16653305956649,3
4878,3,0.6087,93.71500919698354,38.74321228966969,3
9384,3,0.8578,146.9844077654433,48.5418673744282,3
516,3,0.8701,242.3083189803626,72.56461430213741,3
11891,3,0.9062,196.80858267270276,56.73983306276069,3
927,3,0.8508,257.7799742077078,65.66285221196036,3
3332,3,0.8896,158.2442497849443,52.37595015467157,3
9186,3,0.8551,115.44424654589253,43.64449890288048,3
4267,3,0.8613,232.04487026284605,63.22183124613133,3
13,3,0.8888,271.4888244756239,75.6822606094894,3
8313,3,0.8719,227.11489174344717,63.909819402438266,3
7752,3,0.8204,223.5645709259064,65.7163284884028,3
2825,2,0.7927,139.07690734747098,58.37250879995275,3
1492,0,0.7475,313.2893299755215,79.57205846899171,3
3291,0,0.6858,210.32999987604555,60.708918900399766,3
7791,3,0.7504,218.86311660590215,65.79746741814292,3
4071,3,0.9274,75.4395515555641,34.763733628391186,3
7578,3,0.8744,282.75691147954115,70.92781659545214,3
8893,3,0.9211,209.25169157431824,58.05728398771669,3
2414,3,0.9043,136.94974478809786,49.16203771201164,3
8677,3,0.833,48.2844698738286,28.47307786489495,3
9569,2,0.6149,519.401987352046,104.8185787525041,3
3722,3,0.7433,227.9498359609395,64.12001653943402,3
8844,3,0.8841,372.7115774524725,103.20541011991835,3
6699,3,0.8138,106.7226079586707,43.31854518126354,3
1691,3,0.8508,62.40937263189042,31.602199053754532,3
6868,3,0.838,43.75826049561368,30.481921814836696,3
1861,3,0.8951,254.30155210986695,67.31717628870729,3
11516,3,0.7386,91.61795697538751,38.29566497803213,3
6129,3,0.7464,306.27547189153984,83.2626954600191,3
9568,3,0.6525,63.93180702723495,31.98344619286766,3
8676,3,0.8101,145.97274223867888,48.973064184074566,3
5839,3,0.7831,151.90123420990963,49.77134952720017,3
1487,3,0.5867,75.30154786946925,34.72372871037567,3
7948,3,0.8433,104.39458815663647,40.87113009760633,3
11099,3,0.939,267.9998201520661,71.17623102017828,3
10387,3,0.874,219.0322618228584,60.09651631868782,3
8474,3,0.8437,22.01718268651663,20.72820369760492,3
4500,3,0.8414,26.1428817056009,21.123824088766977,3
6471,2,0.9217,291.16633667138615,71.6944874894094,3
2165,3,0.8604,178.9480622303381,56.72422288075675,3
2978,2,0.8954,989.6000382051302,130.31771099894377,0
5965,3,0.8836,117.88398222822396,47.031039274964854,3
11660,3,0.777,314.2365088248804,89.43891500997418,3
11884,3,0.8972,395.1936800611147,86.11294390888303,3
926,3,0.8184,158.81753301107847,52.13613005843256,3
10224,3,0.853,163.8326423275728,56.08788981644425,3
10230,3,0.8353,57.692256740519575,36.084623749809595,3
4460,3,0.8061,173.9839350830124,57.48344360889022,3
7394,3,0.6358,144.0612457231631,52.26018117006821,3
11489,3,0.6129,91.00229842711676,40.09675039769067,3
6908,3,0.891,221.7610638195423,59.932617283036315,3
5232,3,0.6361,135.48816716545977,49.88055841889807,3
3643,3,0.6752,121.44011916889032,46.78310285120017,3
4110,3,0.8385,200.1781542899677,63.428085320098056,3
4662,3,0.8822,195.26652647180993,55.92067534009309,3
9346,3,0.7758,218.08699093249615,60.301398985408866,3
6713,3,0.7324,376.3161428543904,87.77347605560738,3
2575,3,0.8691,156.26810197541022,52.470536746060546,3
10024,2,0.9546,426.2979170897585,148.49961395440104,3
3127,2,0.7218,71.47849740336773,33.82809249356703,3
5230,3,0.7966,453.44584133615626,93.73704196509506,3
3899,2,0.8574,703.0143798848658,134.11124816986154,2
6739,3,0.7531,413.9791825123729,113.12614094742652,3
8099,3,0.6929,39.65720164060686,25.37591672980067,3
1903,3,0.8679,153.00417510118186,53.42656312345471,3
501,3,0.8418,206.03588708740168,64.11209044645626,3
6936,3,0.7243,32.75916343580658,22.896113138333053,3
10226,3,0.8258,67.58223982903576,33.37799631976968,3
9152,3,0.8736,200.5150380329352,61.92209667082606,3
10540,3,0.8679,152.4441992185793,50.97628476817783,3
1526,3,0.5675,214.63247261999143,61.20399802284119,3
5998,3,0.9435,132.03654785707977,50.087283181232905,3
2749,3,0.8551,59.4828335688003,35.08379818674987,3
12394,3,0.5964,62.003472095375706,31.50750282879791,3
703,3,0.9352,276.30343141214723,72.14281348977656,3
2615,2,0.8209,152.2216908050172,51.64783940912498,3
9998,3,0.8542,330.6942706598673,105.99900264857094,3
12223,3,0.7065,98.11568093160722,39.62474778000173,3
9026,3,0.9019,163.20947744740363,53.88675454642487,3
5608,3,0.7679,489.5652465653485,98.18857649610666,3
8462,3,0.7264,28.507766555220016,21.625342230309965,3
5152,3,0.5728,167.5464017710038,52.51941620469965,3
7745,3,0.9316,372.4156811019746,84.5839375326119,3
11925,3,0.8695,122.35521149779022,49.78318552626474,3
8489,3,0.9091,306.0836664812238,70.23237873811144,3
7962,3,0.9126,322.03838134872944,77.02145767620186,3
10636,3,0.7934,718.228140837868,131.7369920220435,3
1678,3,0.8236,135.282393536121,47.618880881473345,3
8648,2,0.8018,496.64987488885293,98.78433574274668,3
8890,3,0.8632,195.33026883965667,56.52484792000335,3
1644,3,0.7442,154.74375164956393,56.92194795162523,3
8106,3,0.8371,324.12608289112103,73.91735736842976,3
8674,3,0.9096,146.40316978313083,51.90459287325692,3
1136,3,0.9155,283.9248597161416,70.47052677450661,3
3721,3,0.9153,454.22847088151514,99.91850634737315,3
5436,3,0.9204,196.3445238432913,56.11795457500669,3
12009,2,0.8084,326.711884345783,84.38752123350413,3
11299,3,0.8934,185.871775886322,59.60208336715171,3
4099,3,0.6947,118.66310514687524,56.64093986318565,3
3091,3,0.6914,66.99879412990325,34.74892848357458,3
5386,3,0.9264,62.92035198295747,35.015318846298086,3
3907,3,0.7647,186.1102198430704,61.670824158335186,3
7546,2,0.7605,272.38481048764623,73.49341689087314,2
5190,2,0.893,1003.3686584070692,140.9749700469344,2
110,3,0.9732,298.25573773816086,83.42163362860228,3
11930,3,0.8767,272.4448885047769,67.40332982744681,3
7022,3,0.9109,222.76135116372396,65.90124417717567,3
8463,2,0.6231,186.7801770789444,55.37639943419508,3
5621,3,0.7838,310.0614761952805,93.25775894261224,3
11059,3,0.9346,384.18802670702553,84.74965579049281,3
845,3,0.7089,263.54014101526246,73.4847752504893,3
2172,3,0.8316,76.52135951853758,37.21716693553104,3
11850,0,0.8822,422.9313179346621,99.71695146391072,3
12381,3,0.7033,122.28489574574849,47.84969883866455,3
7803,3,0.8867,172.36477449749793,60.78685865877995,3
3442,3,0.9154,157.970456580556,50.27574735543699,3
8517,3,0.8197,129.9573303774546,48.0665469296116,3
2012,3,0.8536,212.2134024376623,60.5252773139714,3
2760,3,0.5068,370.4726623470697,87.27635592434089,0
4477,3,0.6614,184.86805339139,55.38400591508867,3
500,3,0.882,549.8019643111805,118.0928030550098,3
1902,3,0.941,142.97111510559654,51.47577048867149,3
9386,3,0.8839,361.7919184621649,88.00689022125016,3
9392,3,0.7725,193.28257154500253,62.72204425267312,3
2576,3,0.8743,49.06464018286877,28.047832032577237,3
5530,3,0.5906,132.43506000744216,49.239959907058605,3
6987,3,0.7782,15.615596096783785,16.02587329498355,3
5256,3,0.8089,140.800085919199,52.5279359417664,3
6993,0,0.5328,96.26205995535864,52.188970295288655,3
10903,3,0.5834,217.2175408978008,66.28311993727266,3
5281,3,0.9012,139.0982556371965,49.58649567024057,3
9493,3,0.585,58.97809988657817,30.719303591840855,3
9487,3,0.6996,105.94408656702312,50.02736270236092,3
8941,3,0.8983,218.2618320194139,64.0469891658934,3
2049,3,0.9317,321.0177106308326,86.38907407701207,3
1540,3,0.7458,190.50895305780708,55.88083806735442,3
7131,3,0.6924,56.5156295210945,34.711774427019265,3
7657,2,0.8771,1306.276301301797,169.89723001955053,2
10268,3,0.8005,255.7766329132906,65.4181173324586,3
9120,3,0.88,280.7518185633928,69.04880425709297,3
956,3,0.9031,376.6029144849832,79.77517871886577,3
6575,2,0.9034,838.314648070562,139.67269185955683,0
765,3,0.8498,193.6850310750885,73.04626020799495,3
5901,2,0.8097,630.7203471550439,108.58058856158824,2
7870,3,0.8953,152.911132301395,54.611345248717086,3
7051,3,0.9275,305.0430170324325,75.23630399835345,3
5652,1,0.5422,982.2575446359652,155.94233634790254,2
8376,3,0.7337,318.7039564581693,71.95470372429703,3
7045,3,0.754,91.22991512241452,38.55253099076038,3
5134,3,0.6708,47.05934518313008,27.452642686235365,3
7079,3,0.8786,113.45711284192345,43.38086288654365,3
10446,3,0.896,288.5077038996085,71.18277967566709,3
4216,3,0.8351,165.38865137746708,57.46802391563163,3
822,3,0.9611,215.09416247587583,60.92621705374641,3
7092,3,0.9101,112.33318419275994,44.0879648282769,3
6398,2,0.8047,2132.808710271321,338.78079411095626,2
7086,2,0.8936,187.05678548084188,56.97872281046884,3
7253,2,0.7012,1241.792483603941,276.3261225687714,2
1178,2,0.8806,268.1365933177153,66.77758081727612,3
1839,3,0.8835,245.12757053514795,81.76409256494895,3
3948,3,0.8421,170.8898907263534,54.67292294670227,3
361,3,0.6466,318.50959496729695,82.21142852706595,3
10889,3,0.8534,142.21243376452736,53.887122022749686,3
6170,3,0.7649,177.41337107848554,56.50734399549894,3
9243,3,0.655,29.190461487745484,22.251967285423873,3
7508,2,0.8645,626.0830229020405,174.55715700570397,2
8161,2,0.7579,391.5924779900665,82.38822789376059,3
3752,3,0.6856,269.1073871398858,81.70338423468537,3
9082,3,0.8856,93.58908577314034,41.41746428002772,3
11981,3,0.802,132.00833194456695,49.81374273177968,3
6366,3,0.7358,105.34676265800049,41.243311017034955,3
2666,3,0.7525,34.089758294106566,25.967702479127908,3
1421,3,0.5432,156.09618899441003,50.29867817160428,3
5900,3,0.5587,245.0141550631984,65.51158803181308,3
7865,3,0.7895,103.09615031766558,40.974538955534086,3
5914,3,0.7712,123.4836031241803,61.17832269133026,3
2074,3,0.8396,23.376071570903388,19.372644449514436,3
2706,3,0.8151,221.74524352478045,63.307640725826914,3
9653,3,0.7789,296.9906279686926,71.79502426650355,3
11163,3,0.9036,72.97675997728246,34.7230448150766,3
1970,3,0.8478,128.20429897627113,46.44572029194552,3
10902,3,0.9343,304.7676052509092,77.12614063475142,3
6945,2,0.9609,1867.1881405784104,265.5373121954289,2
2510,3,0.6772,78.2916583961974,35.56477387190165,3
5519,2,0.828,5878.085615579349,365.4349526459392,2
6004,3,0.5494,114.12298770089254,53.246809742697224,3
1743,3,0.8263,213.97697133280064,66.1963776722495,3
6038,3,0.6572,55.80485913520259,31.32025758741184,3
1757,3,0.8973,105.3364551665558,41.1806552330226,3
3140,3,0.9435,185.04185131502092,59.42247000245989,3
2538,3,0.8866,181.30483055547725,57.83386830180393,3
8773,3,0.8298,165.79606234165715,56.80891698120779,3
7440,3,0.8633,151.36101483563078,52.49840340539291,3
4639,3,0.5751,82.21283153410832,38.077809570826865,3
10069,3,0.8865,120.44965708126529,49.46828916424185,3
3624,3,0.7735,250.7476570049972,65.86527061213421,3
11405,3,0.8862,127.43644176310931,46.09044589351311,3
7324,3,0.8172,229.4128746113616,63.3670538968956,3
1755,3,0.872,186.83916715450687,59.8432572144044,3
9309,2,0.8491,3612.011560326732,335.6508926389354,2
11439,3,0.7673,84.04028846157152,36.94166061728838,3
4611,3,0.5999,146.18135686211426,56.12246190794245,3
5282,1,0.5859,69.03831001072994,34.31212451258224,3
564,3,0.8834,367.78021786916366,88.990352448458,3
8942,3,0.8565,53.72388567644352,29.38801789295792,3
8567,3,0.7438,256.42122009535433,70.51552924488313,3
1225,3,0.7535,114.02849870048922,42.74751868893003,3
11175,3,0.8827,141.08506484715542,49.89330459766003,3
4361,3,0.7077,134.26797044375354,47.21410281795153,3
9651,3,0.8909,379.2938681552732,92.64419604727118,3
772,3,0.8435,170.6313393967676,58.549738201096616,3
5916,3,0.8131,83.18885033882012,36.92832253960672,3
2658,3,0.8532,136.56932914788396,46.74652102479271,3
6402,3,0.8936,136.2921687270273,47.36838889796623,3
821,3,0.8018,317.2915734041345,76.18295044103168,3
6364,2,0.5504,89.45687176302631,37.83617489454981,3
2102,3,0.9282,269.0546652161221,69.66840242939627,3
4598,2,0.9311,900.9429512966976,120.28778350401512,2
612,3,0.8451,182.3478309967439,55.4100199941652,3
11940,3,0.7481,189.42907765036983,59.25974985738144,3
8177,3,0.8035,33.32652444192526,23.133764553072744,3
8611,3,0.5978,152.57564620593024,54.909873369609784,3
1153,2,0.6825,248.2236661610191,71.61446216328042,3
7536,3,0.8135,129.34147233554495,48.22573478114983,3
1621,3,0.8521,158.52508072457985,57.86041965344228,3
2472,3,0.5187,254.19778441972537,66.79554689341968,3
6614,2,0.8783,1677.8207072341802,233.18504145848323,2
9241,3,0.669,77.15828419082156,35.3977108227773,3
5490,2,0.5758,1074.07767219522,241.0368332149803,2
3793,3,0.6995,240.47493246108175,71.51087711272356,3
12093,3,0.8368,228.6432653080531,61.399925892656114,3
438,3,0.6554,45.14909538192715,27.60150379499987,3
8823,3,0.7902,136.40955950425845,52.54086056152675,3
9283,3,0.9264,297.5094843530522,78.08996210449142,3
12086,3,0.8801,227.069058935628,62.11406371344684,3
8189,3,0.831,317.89795429901693,72.64575780984335,3
2473,3,0.7453,242.2102600817121,66.34846536454634,3
7279,3,0.5844,38.721214245787024,24.926220940299057,3
4016,3,0.5235,75.7276199098155,36.52357391630849,3
3779,3,0.7207,106.68677972139778,44.8503237102003,3
10493,3,0.5585,350.67156937120467,76.71967632922207,3
5687,3,0.5855,182.76700721050187,54.72690061979844,3
1387,0,0.8137,505.87301920445935,102.0241374802146,3
2842,3,0.8051,22.28874051920608,19.145546136059902,3
5693,3,0.8194,34.74623507445251,23.583445269340416,3
6403,3,0.7879,143.6667123595314,49.40657401168578,3
5644,3,0.7249,297.7179777322869,74.32182460602564,3
8360,3,0.8999,96.1784868252189,40.291963043868265,3
2895,3,0.5858,69.19211785446957,33.605807566276326,3
8412,3,0.5232,252.59429695265436,68.25276144478262,3
8599,3,0.8701,112.14322741385963,43.18007810906395,3
5095,3,0.8291,113.29987404101972,42.73230608211313,3
3396,3,0.832,72.91671025539411,38.33635756525145,3
9136,3,0.9417,52.03073521105951,28.942893896709656,3
10524,3,0.8535,246.75312336642483,63.989114037843606,3
10242,2,0.5039,251.79126062339313,63.669624476774466,2
798,3,0.7336,215.60536041834044,68.13129866684352,3
940,3,0.8972,269.2687549656373,72.06702704818538,3
7669,3,0.8114,696.4691461684226,137.75691206799902,2
4360,3,0.8213,104.77149917597411,40.95459529724637,3
217,3,0.875,343.0928008332486,92.13576038161078,3
10726,3,0.9145,199.27280819964915,61.64648096386813,3
11410,3,0.851,39.48442233921494,25.177609310876633,3
4614,3,0.7307,98.69232904618238,40.08566033399073,3
1744,3,0.8511,255.81459252152615,71.90300026182672,3
3147,3,0.7044,291.87764901686177,80.5587371198931,3
7447,3,0.898,142.22236911308093,50.775288926833625,3
10939,3,0.8776,91.35013757555204,39.39300522185369,3
11399,3,0.9497,423.1183831657275,85.23882979355038,3
10911,3,0.8079,174.69145527058225,59.39994745407431,3
4827,3,0.8842,135.41891641257382,50.37058572423008,3
6942,3,0.7601,272.4052565737502,68.7311728505278,3
2715,3,0.8111,72.98138310031456,34.24813314375311,3
1208,2,0.7079,28.05704742310749,21.303034145557024,3
4416,3,0.8172,193.3692570074688,63.54121723233788,3
3351,3,0.9001,143.874290440598,48.95017610067206,3
7876,1,0.5523,160.10792730773315,57.89569479545835,3
6407,3,0.8357,153.30871563785502,52.04604445219379,3
830,3,0.8018,87.66965075497379,38.439038118890664,3
4562,3,0.8747,173.87694093982162,57.38082835661463,3
7725,3,0.875,49.78199383798218,32.21568126980005,3
2885,3,0.918,164.67787519549768,54.58915390371209,3
5132,0,0.7194,189.50230217272835,57.90494711480781,3
7731,3,0.782,33.832440535607994,25.103707072968,3
6163,3,0.8978,146.70129383137294,48.98233091845598,3
3769,3,0.7491,86.58109848268371,49.34692302812315,3
9522,3,0.9332,251.38927588970944,68.93744969669609,3
3999,3,0.9398,193.2608870752334,58.526310370345435,3
7241,2,0.8215,303.35161807280764,72.85940303773009,3
3027,3,0.7183,165.78351842932017,54.25683621660384,3
4984,3,0.593,355.2117572118254,98.04382229219664,3
9293,3,0.886,145.01184296530627,50.99206744854849,3
3972,3,0.8286,49.94262323237601,28.484888329442622,3
6189,3,0.7921,147.95258976237832,54.91433977566012,3
414,3,0.6859,337.48385212928343,83.65028184143773,3
5494,3,0.8321,154.00600485728387,50.043043351287885,3
9286,3,0.8963,253.3599809612388,66.3138797647515,3
10694,2,0.8771,72.20252652504506,36.950580124061815,3
11213,3,0.8698,109.8216469043904,51.866300674076115,3
1157,3,0.7588,118.52156675007107,44.9665481180465,3
1631,3,0.5395,87.47011711064346,42.05775040678167,3
4007,3,0.632,175.54353927440843,54.73927826577845,3
2462,3,0.8906,185.31129787981655,57.83038345559606,3
6604,3,0.5934,107.94478901929108,44.10712367882208,3
9906,3,0.7628,221.79518113849895,64.62126459730997,3
1396,3,0.6053,126.65739593605804,47.63338177349809,3
9912,3,0.9208,243.76428768277088,69.42565705373094,3
5127,3,0.6811,93.53873045395748,50.88574058562723,3
7056,3,0.5468,80.09841519859462,42.00059710256258,3
7042,2,0.5551,4019.780158532109,285.75577063446974,2
3542,3,0.8598,183.26477069892664,59.009401335328555,3
11165,3,0.8827,135.6874401095796,48.96478106388514,3
5735,3,0.8026,309.55295596701785,75.67546177110987,3
1547,3,0.8737,51.16177609734054,29.747309648548157,3
10247,3,0.824,155.44560769909913,50.082672888945694,3
4417,3,0.9181,180.43321432264432,58.37488126344888,3
6957,3,0.754,163.23390116500062,54.74941616135031,3
548,3,0.8828,358.7277679943653,82.85008597323763,3
1751,3,0.5936,173.04956278891714,67.26102443737494,3
6994,3,0.7008,112.32488796894626,43.18784471404962,3
5523,3,0.9258,319.65402001664484,77.15962972201316,3
6014,3,0.8109,273.27246686355306,72.47912726853913,3
8777,3,0.8529,120.059708916012,46.60112869475019,3
11403,2,0.9586,1864.785958398721,172.95828367265165,2
6028,3,0.7103,177.61976231746317,59.22516046210366,3
3150,2,0.9201,634.0360137455162,100.83937217372518,2
8950,3,0.7737,176.4455917677413,55.656711766524225,3
8944,3,0.5811,280.5721474352165,82.09379302168034,3
562,3,0.8541,525.3247652152673,104.8103639888906,3
4415,3,0.9457,161.56922519004286,57.633490191157435,3
2064,3,0.9059,144.03376605689056,51.44531438293195,3
9131,3,0.6173,96.67799539354291,41.36989108255238,3
6216,3,0.9018,308.19824542979984,87.35569837394375,3
11601,3,0.6026,115.00214339424453,44.46990818402456,3
7652,3,0.8413,168.2689800298307,54.27566853613203,3
11173,2,0.8746,10477.42210694,632.6452793821172,2
3434,3,0.8993,135.11125065777787,47.19522649608357,3
11198,3,0.6088,195.20481792459847,57.46208962854498,3
7849,3,0.7538,202.72431750231996,60.52407467138491,3
11991,3,0.7734,110.23812594360484,48.20963029083761,3
3568,3,0.859,69.49249382032106,33.345139504771694,3
10325,2,0.6076,320.1963298831774,88.65453633288135,3
8429,3,0.8039,81.40045328558081,38.92273779816289,3
10443,3,0.8516,200.093978442131,63.956497071522634,3
2892,3,0.9672,346.9629186330636,77.9588146833065,3
2886,3,0.9323,307.5050130363363,81.66507148761862,3
1431,0,0.7862,96.0728046572452,39.78663465650708,0
11952,3,0.7863,103.18895781059308,41.127042062756736,3
9092,3,0.8612,146.36343308672505,52.511442401900055,3
9904,3,0.8134,128.27774236060944,45.519873285731805,3
614,3,0.8926,269.34617335772225,74.81497271648306,3
1394,3,0.5092,302.8227428748785,70.21739365240381,0
98,3,0.5288,291.8385648910565,81.22675847661144,3
4987,2,0.5581,2532.9224429557153,249.09555418249283,2
1155,2,0.8164,575.8788628265517,139.51232517856545,2
8830,3,0.8373,167.83936606866206,51.87078104739676,3
3959,2,0.9837,1223.315165332805,146.92663307065297,2
6820,3,0.9023,381.35271858228214,84.27155800254113,3
5483,3,0.6766,174.58430725207734,56.71694588741307,3
8831,3,0.755,162.35748749285074,58.01907172267313,3
11562,3,0.7986,204.83799958063156,66.06491589916574,3
11204,3,0.7846,203.13387860559644,58.78966026210419,3
3757,3,0.91,255.8791050396383,92.34761607753504,3
6161,3,0.5663,171.3789473329536,53.17619185194836,3
2307,3,0.9039,100.54367112317064,41.41367856054129,3
5468,3,0.7035,141.42351808967078,51.639009102298665,3
2461,0,0.94,631.4513665042099,144.31325655427992,0
12043,3,0.8203,16.105182309855984,19.136837620109375,3
99,3,0.5733,218.966489882877,66.77936709767027,3
5681,3,0.8954,211.8542802757239,62.2901073463482,3
1381,0,0.9456,997.0811935220768,149.15079080245786,0
5871,2,0.9521,144.83569934809302,78.06663258383472,2
11953,3,0.8922,187.53956741662225,61.38758621771551,3
7041,3,0.889,323.50924191697897,73.7153246369083,3
5656,2,0.6175,69.12257775741269,36.76663033334563,3
9078,3,0.7933,172.13796779652125,53.17484154513283,3
2893,3,0.8878,212.36010771247985,61.30742404387521,3
4212,3,0.8155,109.9403781868102,44.53420050115505,3
9050,3,0.8826,219.92369533861955,69.93769457075051,3
9722,3,0.754,107.58281797832484,42.07086785687863,3
7690,3,0.7621,211.81520655311857,62.167702622040025,3
2930,3,0.8853,213.862750513878,63.21477251034129,3
3390,3,0.7311,185.00174077408803,57.019438638434856,3
5939,3,0.7117,208.94237188666676,61.00808298202682,3
1587,3,0.703,143.9253053525603,53.153483509989215,3
1593,3,0.9154,22.39114221359026,18.93765486369603,3
5093,3,0.8996,232.92826497816392,68.10337201193936,3
5044,3,0.6606,373.18089595808465,77.9468513563671,3
8560,3,0.86,192.27197851997516,60.992859938537435,3
3421,3,0.9256,172.48374535962947,54.80118010172842,3
10536,2,0.7408,291.5900252686655,73.44503809752747,3
7109,3,0.8404,172.4676113859197,52.530862619200406,3
10522,3,0.79,106.07738805589509,46.767858625365704,3
4831,3,0.9138,212.2438558430456,61.873585773303034,3
4819,3,0.8772,147.50067846367935,64.13523573106802,3
3623,3,0.7615,153.21931264161003,54.74832412102186,3
1752,3,0.8279,218.72665609001675,63.16395008416558,3
11402,3,0.6848,97.11067490867674,39.80261715730574,3
6015,3,0.7931,105.83642779145327,43.35292222324309,3
3179,2,0.8688,832.8518521757139,156.87652613109182,0
11427,3,0.7198,266.2127600547185,71.8794038251365,3
11341,2,0.8996,842.9001022240064,174.53999101666707,0
7460,2,0.8064,115.90444385501031,44.048960088774166,2
5263,3,0.872,262.9578923069968,68.56507933743454,3
2242,3,0.5432,43.874992097331344,26.505740380313515,3
1993,3,0.5301,120.30194407973885,57.39015710491206,3
9303,3,0.8914,240.36985350008484,66.92008253373616,3
10711,3,0.8556,70.26661113131898,33.83252794741247,3
3809,3,0.8041,338.39887950797515,75.5378361784326,3
4196,3,0.8996,294.06399496305096,82.37826865786995,3
11625,2,0.5274,3058.8867977767422,340.7948354543595,2
5713,3,0.8804,85.0028754887131,36.95012799479733,3
1575,2,0.96,1707.0274988847889,297.94355755754634,2
7110,3,0.8701,131.06067991689432,46.75452948144558,3
7676,2,0.7548,1824.8105898097656,211.20739365889983,2
10261,2,0.8393,596.5171924131561,126.00541421400354,2
2040,3,0.7737,128.51259247420802,58.70905047337804,3
4425,3,0.5274,234.1348516109628,64.78872910322784,3
12304,3,0.8222,130.94277688853043,48.32635924348402,3
7892,2,0.8842,731.8811113767206,123.72715526823974,2
2901,3,0.8844,134.73014960594838,46.552227000329346,3
750,3,0.8336,218.2177456381459,65.0147471881392,3
7845,3,0.8645,177.33355229302853,60.54577640037595,3
3216,3,0.9129,24.182957461963344,22.689739598072897,3
6346,3,0.7846,152.6674079351415,50.73970264755896,3
8394,3,0.882,229.7984246727972,68.05026747214188,3
6385,2,0.9198,543.3776216598999,94.79832663076466,2
80,3,0.7262,47.11034164781513,27.66144700591018,3
10881,3,0.5618,137.97677011554453,47.17252518344245,3
8155,3,0.8093,141.21017736184405,49.96051839431755,3
12066,3,0.6006,212.3787914095866,68.6908626298205,3
9511,3,0.8868,147.94885529927586,53.30664666221664,3
4753,3,0.866,183.68442834815488,56.676325692097635,3
8182,3,0.9102,115.14657951764256,42.93866816806435,3
6193,3,0.5409,101.17816325735946,40.72043120071987,3
8814,2,0.5009,137.4146166767136,47.66271502023985,2
2486,3,0.8916,167.4740101426508,54.91208112137201,3
3798,3,0.6152,119.85726106548084,44.50396843552174,3
8829,3,0.6773,214.15811575687312,62.67654943309905,3
341,3,0.9004,311.7072707950725,75.18707158565213,3
8197,3,0.6205,68.03965573883293,34.467874685694085,3
8183,3,0.6915,96.95036282645712,41.60925731887459,3
3997,3,0.8365,188.4428986694443,59.19165837904261,3
7267,3,0.6767,110.97313734860444,53.8271367564728,3
10880,3,0.8073,229.47896016067503,73.593112965077,3
619,3,0.8472,267.3646044211476,70.1269331037558,3
81,3,0.8703,175.5965372780887,61.84890965696326,3
7930,3,0.8229,129.32224099697362,46.96635536969282,3
11977,3,0.9138,123.67923053722308,44.49178295816174,3
5699,3,0.87,114.02725576165646,43.61511144828094,3
143,3,0.8709,231.1180848292228,66.80430291994075,3
2860,3,0.8532,276.5392562163962,68.45869634660437,3
12271,3,0.742,257.7132737567439,69.03964659145764,3
11778,0,0.8502,247.09392149518084,64.12377251740783,3
11744,3,0.8653,125.59902828168838,44.94233875794462,3
9048,2,0.6855,584.1010184077029,121.2681313590392,2
1414,3,0.5432,50.504943204326594,28.47914042813601,3
7703,3,0.8561,111.53830429128077,51.602068682265255,3
8430,3,0.786,132.91394344664965,46.93417299777033,3
10328,3,0.7418,124.92853573217516,44.98536542385179,3
4578,3,0.8909,171.5336745928282,58.49216302368486,3
9869,0,0.8798,573.4013474658457,115.7177536910425,2
9841,3,0.8546,178.827471000382,53.893936378449816,3
2727,3,0.8384,246.42542332180767,78.74247662129757,3
5048,1,0.5944,282.0944735962303,93.9178323649641,3
8544,3,0.9035,128.8566633086096,45.413163323357445,3
11156,3,0.8637,155.8307898691438,51.38400757959112,3
3405,0,0.7871,169.75960098983825,60.513555756439416,3
11624,3,0.9601,389.7149598128922,82.32454775410841,3
6964,3,0.8759,200.93421529433888,68.13237517646411,3
9464,3,0.8283,158.71809271178756,54.55906446231567,3
6025,3,0.8601,250.27895188222217,69.43921626869499,3
2243,2,0.7739,2320.781608700355,403.98947693292985,2
10062,3,0.8863,162.0524152406586,56.55480736264427,3
7475,3,0.5861,109.3599414420852,41.841331623773954,3
9458,2,0.855,16.101594846865883,16.906371029691673,3
5504,3,0.854,56.970821726329675,32.23949657690999,3
2269,3,0.9044,143.24709347794118,48.07266120809839,3
12139,3,0.9134,239.24140717603768,67.1637205227454,3
11356,3,0.8645,405.246769367813,101.68877996314116,3
8750,3,0.512,69.06168112455534,34.02725523312729,0
1984,3,0.6873,124.21851085670563,44.94455030892886,3
4630,3,0.8447,387.4195223803799,106.20694266835574,3
1990,3,0.5836,124.05504924461668,56.57209705048237,3
12111,3,0.8896,85.32740496550484,37.45595339804521,3
8793,3,0.7754,224.83304170109773,61.02295538537857,3
11626,2,0.7316,710.1320785462394,116.07368960440104,2
9894,3,0.7689,154.29619039037783,54.758139567048005,3
784,3,0.961,290.7169444435597,88.97326603412168,3
2057,3,0.5263,333.9248186109628,83.00695999425865,3
4432,3,0.5607,105.16102557046788,54.39771770235987,3
2080,3,0.8144,38.31889035825234,28.885707661663407,3
6379,3,0.8339,620.5167490962424,128.98298367082072,2
6423,3,0.692,57.73845776982144,30.54042246169965,3
1358,3,0.6159,269.5899987124885,74.8453455567886,3
814,3,0.8129,188.05480223596896,57.864717219087105,3
7098,3,0.781,78.95947413482504,38.89586768387031,3
380,3,0.8168,265.39429028032157,71.63218211542171,3
8156,3,0.6201,284.53706175363146,68.74686706163911,3
7503,3,0.8453,312.60683575595004,80.15384976649732,3
5300,3,0.5898,150.43393121488705,53.86807330924211,3
5466,3,0.855,156.71738509999636,53.875329947352576,3
2321,3,0.8561,134.57582113091544,47.42556236955122,3
5328,3,0.9151,305.0425546611259,80.2424881084724,3
4036,3,0.746,219.8301623544359,61.46399220809524,3
6621,3,0.8998,51.12213793871096,29.84011790042648,3
8618,3,0.7272,163.49610463456114,53.224032304218866,3
9506,3,0.7312,117.1198291715401,53.75335567404717,3
10114,2,0.8606,381.50454692432106,83.43909764324147,2
4022,0,0.5174,288.079358724403,76.05595071616506,0
8181,3,0.7982,140.91478196715906,50.77651972363389,3
6184,3,0.7721,27.53306307511358,21.366102076210836,3
4786,3,0.8599,243.72047621671865,74.22946740694111,3
6185,3,0.7721,193.05872428729677,57.967102918268225,3
11592,3,0.8206,135.74347626775952,46.86632670213282,3
8194,3,0.7704,100.3481563286476,40.069641155046114,3
2320,2,0.6242,191.09438111430217,55.5878880762729,2
1629,3,0.6998,296.46576552882345,69.4055528317769,3
7516,3,0.7893,132.14728775129038,50.524509032180646,3
7270,3,0.8793,176.66432241202418,54.9592958692544,3
5315,3,0.9026,202.3180709116345,57.013647061561905,3
11974,3,0.7832,17.178513581923696,17.709543209628265,3
4590,3,0.8358,20.32101560243916,18.036151000833865,3
626,3,0.8892,266.84896058672973,72.3418116348691,3
140,3,0.8081,247.63196639143683,69.46089999548352,3
3228,3,0.8314,177.04916562332943,56.300013993921254,3
41,3,0.8757,372.8079275021895,100.91760838235686,3
4553,3,0.8285,131.8561135845136,48.06556788211559,3
1403,3,0.8254,55.07547240677192,30.20421768444118,3
11747,3,0.7053,112.10749966852386,47.23239807698751,3
183,3,0.959,206.0529631697418,62.84331398326776,3
2917,2,0.5047,2190.8135864790565,191.27549760416295,2
6224,3,0.5543,123.02019116822171,47.12989590523475,3
975,3,0.7828,273.54019963029043,73.2280858391349,3
8553,3,0.8161,139.18964876713537,50.797224497327385,3
9659,3,0.6112,137.33085624248517,50.337449703637546,3
3189,3,0.6762,89.30195959859111,38.57011735329783,3
10920,3,0.8295,84.31673125957835,36.94008216992416,3
3638,3,0.8081,147.70258024433974,58.337305685863384,3
6998,2,0.7422,1207.5751587529835,155.00204689591638,2
9301,3,0.7611,69.62906621363389,33.64243394748171,3
8779,3,0.7377,67.64046191924862,32.89754479526333,3
1013,3,0.897,182.02680821253796,60.04637485042507,3
11343,3,0.8628,316.8511112820089,76.867315616019,3
4619,3,0.6979,294.01212619682855,73.04181428467518,3
1759,3,0.5732,85.25223971212743,36.95957019352982,3
8999,3,0.8877,147.09077728164388,52.96681714544126,3
3614,3,0.7794,75.65283379867135,34.97287023393047,3
5265,3,0.8581,118.53073871331507,45.11596725572237,3
5503,3,0.891,297.3296097128869,70.0866028245502,3
1942,3,0.7672,82.34498995701496,36.31181760213444,3
540,3,0.7824,263.9379113249408,74.18843645352632,3
9488,3,0.6901,70.74121057576255,33.83779121984408,3
11179,2,0.577,5449.057495670915,405.5032185839249,2
9113,3,0.7382,67.64817867343771,32.944298915829044,3
12316,3,0.862,270.5672477959275,66.35321800761679,3
5729,3,0.8418,121.0147231876831,45.88206373875866,3
795,3,0.9375,187.87015323489095,61.17048597046882,3
5073,3,0.8123,184.33849202937716,54.308620437171456,3
7857,3,0.9054,171.68247821686847,55.41828635802162,3
6432,2,0.8658,572.3320510574495,95.76672259750228,2
811,3,0.6097,191.80955536525548,62.391362496703834,3
1413,3,0.8509,282.9118996184893,82.75227995781721,3
3562,3,0.6123,6.55427697923496,10.626151865816317,3
79,3,0.878,173.5180665172905,58.49800061721329,3
7704,3,0.7613,131.97302878367347,46.55321829763385,3
7710,3,0.7978,122.06117172339854,44.50426753477328,3
1407,3,0.7168,151.8294331185429,49.68966287282884,3
2683,3,0.9004,123.84463667832762,48.08785321086967,3
144,2,0.9668,1200.6090817001143,160.1490671516433,2
150,3,0.9546,317.8604987471621,88.2926330266031,3
2442,3,0.8309,115.69163869246918,57.09015078005906,3
2330,3,0.9066,185.33564636762824,57.46749890687593,3
10111,3,0.9108,163.90838254291177,53.86458363550389,3
8635,3,0.7434,247.89999083304795,66.99045611207579,3
11555,3,0.7677,190.8183478157146,55.25924026788047,3
7512,3,0.9284,176.62641074031822,57.64652532779145,3
4782,3,0.8659,183.852063459023,54.7483281632509,3
435,3,0.8397,299.13516710457037,80.08430014917575,3
8807,3,0.8788,172.53866414193118,58.60127149133405,3
5489,3,0.928,119.18938899401098,51.20882203612923,3
1604,3,0.9279,205.7800730773268,57.53970139194267,3
3775,2,0.9215,741.8507226111253,113.6040029578447,2
5304,2,0.9152,1571.6410888917023,181.99980723317867,2
7507,3,0.6884,101.61760121730396,41.057476146525254,3
8634,3,0.8133,32.18676244280478,22.698586579221463,3
5476,3,0.8971,258.3023850874863,73.02673127046059,3
11540,3,0.8137,132.6756969315473,59.513452696441206,3
11568,3,0.8012,58.254332593358875,31.41916824292648,3
4026,0,0.755,263.3518783466695,67.42011404649233,0
10662,3,0.6617,48.31681643369008,28.013212994981313,3
11795,2,0.9638,9331.748148515078,654.9592891231187,2
2696,3,0.7764,289.8839607146073,74.11734178471943,3
93,3,0.8885,260.1810397538231,70.98521734454879,3
2669,3,0.8022,136.90913322444646,47.005434864615154,3
8422,3,0.7271,366.3246523815749,84.94939657342779,3
1374,3,0.807,116.78215196899654,43.34652734909085,3
6355,3,0.9101,108.1548167619122,42.71808523837462,3
10460,3,0.8207,168.66201722448622,54.08221479617672,3
11839,3,0.5728,189.41390258308616,61.55957915799919,3
8581,3,0.9002,277.45829774466756,69.41140576284322,3
2090,3,0.9336,179.39900749227,55.79522706624941,3
1599,0,0.9564,2925.1260868516188,315.79806577716124,2
7117,3,0.9156,311.72645059069464,76.3680742091293,3
9884,3,0.8145,121.17657389713465,44.731554022489135,3
5066,2,0.8914,1230.3084426555142,156.50597765692237,2
6547,3,0.8965,84.43388442900414,37.032254223729254,3
7659,3,0.7123,153.09656233250274,57.65890696114958,3
11178,3,0.6079,84.99795194800737,37.819321150508145,3
9660,3,0.8118,276.134847055614,69.09169345148742,3
555,3,0.8988,244.30218902998644,70.64355441134668,3
2286,3,0.6728,34.13172635026732,24.06177420973174,3
3198,3,0.9315,333.8541401548685,76.41068952112053,3
8032,3,0.5572,414.7379620201639,89.13104166596555,3
5270,3,0.6259,254.09378961339624,66.28752851209458,3
8740,3,0.8946,181.00474122707553,55.85639577337828,3
9310,2,0.8443,16.880519180032426,16.804701185597153,3
9462,3,0.7925,124.80806497746244,50.06973670703368,3
2247,3,0.8268,75.5293378611717,37.554785104540855,3
5528,3,0.8024,212.33442098706473,58.61166773305009,3
12117,3,0.6915,129.1362007201645,54.61944269779682,3
2253,2,0.8541,172.6015419933641,55.17584007451995,3
5500,3,0.5505,32.19140020312351,22.700222554813596,3
1766,3,0.908,292.4851002446629,72.46493294422407,3
2509,3,0.7777,198.0154683642434,59.03511234031321,3
972,3,0.9363,201.0178214387795,59.94803702654575,3
9892,3,0.8799,121.1345175115051,44.33283573974313,3
1216,3,0.7602,247.99692190214935,64.69654916261506,3
11152,3,0.5314,123.41186176476192,51.652250290439305,3
3373,3,0.8185,121.73673650754166,73.08422694285053,3
7049,3,0.8979,137.69846407761668,57.193745842704026,3
6357,2,0.6921,154.2680196795754,52.03709626626379,2
10476,3,0.8729,183.9210021428584,59.469144230919696,3
5138,3,0.7969,234.42518922940135,65.03933127108122,3
9702,3,0.8227,155.33920188512002,54.321071053449685,3
6425,3,0.6728,41.389322417737965,26.453203926261384,3
6419,2,0.8391,470.86328314346815,95.28516234870308,3
4597,3,0.8562,194.21714113895348,57.4018405490244,3
11967,3,0.9054,286.0953683327653,72.0558449653192,3
635,3,0.8801,247.3524478168804,68.3293577444277,3
147,3,0.8852,271.2392045537028,70.30926476551504,3
6633,3,0.8263,123.69515229496665,44.99881497567628,3
7539,3,0.9149,203.1844549195161,75.7164468919423,3
392,3,0.9854,249.44553366469148,69.49267468193992,3
10648,3,0.8602,109.37083714379663,41.84341520435035,3
3005,3,0.9446,192.5297240253385,66.73078098501631,3
7505,2,0.7888,1657.4778960858434,174.794881425386,2
11224,3,0.9065,139.65096101352316,52.289405447198575,3
8805,3,0.8834,96.7867409414425,39.68988205010786,3
8839,3,0.8306,51.308177894256886,29.028685126333738,3
11595,3,0.9594,264.1278052210511,75.80733275514386,3
3979,3,0.9191,233.09849692418192,63.46085189133952,3
6183,3,0.7782,128.2052025004394,65.80550945901379,3
8151,3,0.871,178.19624547404658,61.409108619269674,3
1613,2,0.9181,378.9764582154647,165.94668600150158,3
1161,3,0.8783,235.80334206431365,73.42400598719286,3
9515,3,0.5555,156.115407787581,55.32610046156894,3
2332,3,0.8663,172.59721475044415,55.23845185504332,3
11782,3,0.9095,172.63096445055788,63.02442549071402,3
5688,3,0.8778,246.78205175079844,66.58823483522133,3
807,3,0.775,217.1872043302324,64.93744590027315,3
8409,3,0.847,70.65003616803631,33.621744865584866,3
7869,3,0.7432,50.20062877034983,29.87931845250993,3
998,3,0.9136,291.6016951420407,72.79188795046832,3
9850,3,0.5187,94.68945177839944,39.16891551453103,3
9878,3,0.8464,162.012900673552,52.51969500216222,3
5930,2,0.8293,1036.038768194524,171.74874650222762,2
2939,3,0.8667,172.39321611712347,55.36305952336337,3
783,3,0.9539,194.5887355857465,58.092226998967455,3
3428,2,0.5945,17574.53247244783,916.3960876185618,2
973,3,0.5265,256.0146366245792,71.43763327310195,3
10517,3,0.8057,154.19743193129287,52.315553472255274,3
6222,3,0.7637,381.68400896096136,95.5010053309628,3
8569,3,0.8802,53.136604304982974,29.25656178315825,3
8794,3,0.8009,221.89761043919768,71.01357579063054,3
1968,3,0.8686,184.1287175711566,59.74469974049719,3
8970,3,0.8648,269.11893670007953,65.68685447883362,3
2285,3,0.7944,60.60150059638149,31.153222203223773,3
9449,3,0.8601,106.05736222354471,43.1439934549736,3
11345,3,0.8578,162.50291916201346,57.264992068570486,3
3602,3,0.7719,335.7481248545288,94.60285239503668,3
10715,3,0.8586,181.0072562107108,57.460257806664416,3
1983,3,0.6921,595.5526002293234,131.33232545348375,3
9461,3,0.8587,307.65905477875395,75.80021969336397,3
2534,3,0.9231,164.24589030099233,55.46933481359617,3
6746,3,0.8345,196.5531877406477,59.774518679132214,3
7371,2,0.8318,211.2486261359938,78.45622418194479,3
4136,3,0.8715,101.70288593522918,40.950123900068384,3
4650,2,0.8179,31.257156255779503,32.56481638420085,2
11487,3,0.851,212.57051734667817,65.94103908454127,3
8917,3,0.8845,140.9974484865911,51.17587097425779,3
6279,3,0.791,193.56918799416457,58.26264895419371,3
11646,3,0.8086,283.17036513863576,72.38961266102453,3
11120,3,0.8978,693.5135869284434,191.52618057726983,3
1264,3,0.8472,255.6058736760255,69.17204879889557,3
7173,3,0.5626,130.04732270298524,46.6103064684143,3
12373,3,0.8343,203.7580347112747,72.98607732396141,3
10202,2,0.9423,582.7269309637054,105.08200790590382,2
10570,3,0.888,214.3940602250145,61.94016093175433,3
5758,3,0.9175,148.80230876008054,54.337000733676255,3
11685,3,0.9095,324.2563778384933,77.660213597075,3
2976,3,0.8693,95.76622600385409,39.18132316839119,3
4491,3,0.8289,178.33190369576,56.536599671274,3
7013,0,0.5734,1746.9961810913442,223.6546950484527,2
3275,3,0.9168,24.886367993441276,23.30826199895803,3
9758,3,0.717,284.5981813165051,70.64132933825354,3
690,3,0.5324,191.5170589209163,56.917105178361695,3
6319,3,0.8472,163.86374043979663,55.78545742192681,3
12207,3,0.5453,44.78336591869174,26.917259433984764,3
6443,3,0.865,313.16276386036975,88.27992034754519,3
8308,3,0.8246,238.16405870550773,67.6122400538341,3
11915,0,0.6502,73.5303537393533,34.5739783382158,3
6494,2,0.7213,15.40605945800258,16.250478493139102,3
7952,3,0.7893,117.60574067874592,43.59785162936499,3
1106,3,0.8121,165.31511036224754,54.58041978309268,3
492,3,0.907,108.93430561041882,42.34220140206529,3
6133,3,0.7947,99.62551894798844,46.90207733526542,3
12005,3,0.758,216.3328658490592,59.17119795488689,3
3739,3,0.7654,24.485417092085356,20.03120422665101,3
4056,3,0.7422,150.92853985692597,50.96238526571953,3
4903,2,0.885,94.99756416282848,39.55683258506774,3
8863,3,0.6318,61.70658944856507,31.46030408302194,3
6696,3,0.8541,116.4977757706476,45.837368166564026,3
10809,3,0.9585,453.96532355093893,92.88460667590934,3
478,3,0.7315,50.82498574078736,28.924876223946537,3
4080,3,0.7857,71.31542050991854,33.829655570373504,3
12010,2,0.6657,372.9415544079569,108.38520675142114,3
9229,3,0.6631,139.050215850033,52.50172373385034,3
1113,3,0.8705,136.00216943122962,51.64842656238563,3
7210,0,0.7329,103.98654488882836,45.879367022094634,3
5407,3,0.9033,185.7320339031856,54.77919037815187,3
11531,3,0.8623,304.769627531016,75.18268658482347,3
11082,0,0.8501,159.701648935025,57.86281727085458,0
8484,3,0.8722,179.03414900469568,56.906443883194854,3
9765,3,0.9564,228.91679044041356,63.36255724096029,3
7760,3,0.547,62.150782758735566,31.617016323929953,3
8335,3,0.8035,178.03788988001315,61.633997235149415,3
11727,3,0.8023,80.42794160375604,38.252198061296355,3
7012,3,0.6315,427.95984602534554,86.76897530186014,0
11055,3,0.7777,256.7724413913204,69.28737646681483,3
7827,2,0.6867,284.1768537864463,73.97333749079868,2
2963,2,0.6637,99.55136021636898,40.06218472103074,3
7628,3,0.8771,566.4710262579356,144.93344913967235,3
6244,3,0.9094,96.10547143309807,48.3892918630383,3
8527,3,0.6641,91.33676624143548,38.272918589688786,3
5017,3,0.5174,138.5562524993748,47.66316571126441,3
5598,3,0.8795,177.7762954912932,59.13640108378956,3
10968,3,0.7615,141.5529899613126,48.51656465184357,3
1926,2,0.7227,311.4720762524499,76.69032440091183,3
6913,3,0.8336,36.150028251746065,26.07934754957402,3
10798,3,0.921,70.05444493973432,33.59866963756013,3
8094,3,0.7983,308.4807455741545,76.26588664648632,3
2552,3,0.8815,288.227289051035,72.96626921850427,3
6046,3,0.5898,138.90417410126963,50.74549557054368,3
10997,3,0.6354,158.11939300702645,53.26245941902951,3
3116,3,0.6589,109.03275636742102,43.176228350203786,3
1701,3,0.7049,42.03686349420912,26.04292614455695,3
7416,2,0.6318,3544.392360294997,246.07998090582575,2
7372,3,0.6911,64.9589923845727,32.24524344463354,3
3114,3,0.8026,566.6251269503883,97.84711221452694,3
10759,3,0.5944,269.9095271967907,85.49578853815095,3
4848,3,0.9511,314.8953487793575,87.61918978260805,3
6939,2,0.8275,3751.378472829346,392.3514605073682,2
3841,3,0.8138,342.4941598996346,79.7760703892899,3
3699,3,0.7796,31.72349640558835,23.060192185810667,3
3316,3,0.8324,222.96097402298787,60.50645908194083,3
8525,3,0.5579,96.88503830015328,39.78217758206199,3
3464,3,0.8843,250.6791984787647,72.28131934510193,3
10201,2,0.6307,94.06001858419064,39.16965640532614,3
11876,3,0.612,231.36753870567196,62.505571061491096,3
6291,3,0.6897,200.65220324491335,62.49311708478945,3
9029,3,0.8235,170.27183638652707,60.10059172624779,3
7762,3,0.7958,127.77686797381736,51.20684192758847,3
7010,3,0.7285,150.55472555021598,54.150305966366595,3
3538,2,0.665,316.74959638298174,71.29522607372391,3
10361,3,0.8004,105.70402636842869,41.81553926183485,3
8479,3,0.9144,235.73123508090885,66.95226776924052,3
2801,3,0.9037,126.52169712667052,49.39375608378553,3
11241,3,0.7619,119.81757853301433,44.4966103414152,3
11527,3,0.922,296.63466501569616,97.34105510117024,3
11533,3,0.8287,484.5363358172661,116.9925376182041,3
9571,3,0.9032,232.6679018110924,65.43151425712517,3
6124,3,0.9351,287.36604367560784,74.45559242136527,3
1893,2,0.8072,422.2949658163743,87.93499333072671,3
8848,3,0.8522,469.7185001060783,101.40115066636432,3
6859,2,0.9432,29.466730961431395,24.397546435800024,3
2381,3,0.9324,33.28710700769199,24.4778346072123,3
1845,2,0.8021,8828.431389796227,507.72892934612054,2
6858,3,0.6438,131.2540887562061,54.7989257830252,3
5389,3,0.8688,173.56331954716114,55.438018117197814,3
453,3,0.8906,264.8884769652187,74.34906942751815,3
1886,0,0.7062,141.06958894118395,59.037561534860714,0
9202,2,0.7867,97.74451226827624,50.34740793635762,3
9564,3,0.8207,150.36038113493927,50.75787864773831,3
10176,3,0.8057,104.35396754861112,41.112873804711874,3
2425,3,0.7579,19.187574928976513,17.533653483526276,3
8108,3,0.8656,151.0556526859056,54.96811217981107,3
2343,3,0.7751,47.66461405828027,28.055868766207517,3
9558,3,0.8247,92.79445112010336,39.17180766138761,3
8652,3,0.7954,122.67162377377753,44.76035138296859,3
2419,3,0.5494,653.3690996329958,120.80061880782172,2
9955,3,0.7916,175.76539178063783,59.47507217307614,3
876,3,0.8497,160.1547582547946,51.197479920565776,3
6455,3,0.9495,269.51995368426003,73.89138556190947,3
4530,3,0.9233,295.5004876943476,70.30788278728951,3
11718,3,0.8607,141.53177324768467,48.952997016334095,3
2141,3,0.8733,106.33247408131037,41.844607100308096,3
8450,3,0.8914,134.20745899644206,48.45374938790404,3
10566,3,0.7122,178.669925117707,54.36753440246549,3
6535,3,0.912,162.4479110067909,53.88873510294368,3
916,3,0.8452,443.7207023963469,87.3812463667872,3
4322,3,0.8371,112.86056105817732,43.62572585808122,3
1272,3,0.8485,219.00814961148424,74.08918373924371,3
7165,3,0.8676,377.6802082413566,82.94900447372255,3
8242,3,0.5633,142.21233182653862,49.39341277862749,3
2009,3,0.967,318.34014009178975,79.65905415898037,3
1931,3,0.9141,254.75019264329472,75.10874170523408,3
10943,3,0.8487,125.23500497601458,47.04324877622069,3
6904,3,0.5388,61.47376730420736,31.396670215495917,3
4646,0,0.5225,25.221508665330592,20.08934734843235,0
3129,3,0.7771,113.06962376318494,45.773123191392806,3
8054,0,0.944,1056.907286518588,155.20394598547347,2
3673,3,0.8454,227.00214209568264,63.81474134373826,3
8040,3,0.5539,534.6142265699086,107.6547089661379,3
8078,3,0.812,138.46948860087477,53.72290687986929,3
6733,0,0.7234,257.18155693774963,66.85552364228106,3
11318,3,0.7857,116.42662401983576,46.32556277260617,3
1048,3,0.8546,243.204103617709,70.53989143437425,3
6069,3,0.8969,203.1948075913207,60.571561643128334,3
3677,2,0.7329,1740.9703282041514,185.5452759109933,2
8736,3,0.5251,338.37303187412147,78.98564976079402,3
3663,3,0.6459,85.33150155324522,38.718774968170415,3
1712,3,0.8744,99.39648604024768,48.31637716298773,3
1935,2,0.9103,497.9267515664433,122.19638364249352,3
4865,3,0.817,108.59898827836828,41.82953837253834,3
8939,3,0.8929,111.60819397391391,44.41851683566331,3
6900,3,0.8187,116.62689569096288,46.42174140788318,3
12188,0,0.8576,929.12563321831,236.39550408372344,0
10947,3,0.8897,225.35434218467543,62.69969792207345,3
1538,3,0.7707,108.49231303057108,43.096242143139136,3
7149,3,0.8554,175.93210565855722,54.2817147277719,3
12413,3,0.7842,162.0863879972142,56.98217494537877,3
8508,3,0.8105,350.9428159066242,84.10522827633383,3
7613,3,0.6274,151.24813598173142,49.194104015900415,3
11132,3,0.7059,140.29435537734486,48.03557006798067,3
11654,3,0.696,127.89997277367726,46.26637043568668,3
7175,3,0.655,175.5751077046088,54.738513953235106,3
10238,2,0.7696,139.023592959701,58.36129852628446,3
11126,3,0.5913,241.4593241387219,67.78680858286188,3
5945,2,0.8776,624.3923745205244,109.77405587135522,2
26,3,0.8673,235.31516496193512,74.09426653348696,3
10416,3,0.864,154.9602331975677,54.343422090256894,3
7029,3,0.8647,15.549881264476792,17.591319637358144,3
1458,3,0.9435,216.28239305830343,62.260703415507045,3
7997,3,0.9393,209.6123196970972,64.12916985719676,3
32,3,0.5548,231.4461050488628,68.29560975323352,3
5158,3,0.753,153.34119538150478,57.60406886041877,3
8454,3,0.844,135.62887590451467,50.02339253437269,3
11046,3,0.9187,219.8382514008921,65.7472788468125,3
5616,3,0.6933,482.0578375699193,111.17023093162206,3
9986,3,0.9004,62.219754892851896,34.52512665505438,3
5825,3,0.8424,126.6964031446712,46.79451089702375,3
12017,3,0.7968,77.46534654767657,40.486359609269186,3
4050,3,0.8194,161.1359459541739,55.68441597392463,3
6653,3,0.8155,202.96401498748983,56.98627602825958,3
1882,0,0.6786,427.3667118654463,88.45818967987978,0
8118,3,0.7987,262.79133154831504,67.47050575394952,3
8656,3,0.8698,205.24421970498952,57.45296821867236,3
4939,3,0.856,191.99215937457143,59.42309054684824,3
4938,3,0.7133,174.3270671063699,60.91617828375023,3
1854,3,0.9108,290.343579583358,72.2019047412022,3
2408,3,0.9038,137.24986598155667,48.08329453522285,3
481,3,0.8997,357.3320153389103,81.73416941153987,3
8657,3,0.9201,291.5603948355865,69.28091439794294,3
9561,3,0.7153,145.0493887330973,50.30328853957035,3
4723,3,0.9339,106.82368590160128,41.82725662482275,3
5824,3,0.5605,55.03423625213956,35.61883163462981,3
4284,3,0.9641,522.255595898507,94.63531365954393,3
8441,2,0.8946,713.6253731737186,110.19371679668184,2
6478,3,0.6179,92.1980670226467,41.37325170583652,3
2178,3,0.8188,40.78015598884939,25.594647497278935,3
6336,2,0.8508,721.2996860713741,136.9713886976465,2
10403,3,0.6883,126.3219563027356,63.10237650340499,3
8290,3,0.8751,234.48472469447273,65.85470182475757,3
11696,3,0.6127,215.26115548409075,65.02234831959362,3
11899,3,0.9081,111.6129036596408,42.282460134661015,3
3306,3,0.6295,132.0861680728063,46.934540258144025,3
8253,3,0.8502,184.01233139482795,55.643908377899855,3
9159,3,0.8625,277.95532725377143,69.39469379908647,3
9617,3,0.8553,158.74468935808244,53.63036685176024,3
9603,3,0.8297,41.494769079418646,26.052821740293005,3
5039,3,0.9108,175.42311183138602,57.491876616012206,3
4441,0,0.9666,1014.7804454564132,148.66981147209407,2
5987,3,0.7286,153.12178534524148,59.88054887628344,3
9165,3,0.7213,143.70239974379234,48.07588554282455,3
8938,3,0.8027,258.1599837989516,68.5728593277009,3
3851,3,0.5411,71.54040784568994,33.8326846004422,3
9429,2,0.6962,107.76726326658982,45.44807524261634,3
11457,3,0.8703,129.85230811279456,45.62121133053524,3
6068,3,0.8004,166.43449430413187,53.008248763066234,3
3676,2,0.8316,435.76862508375206,92.54456469443208,3
7438,3,0.8225,151.0314152100471,53.41545714764334,3
1049,3,0.9479,332.2208340552553,78.30804551027472,3
2232,3,0.7784,119.5583375050308,45.88956439141232,3
9401,3,0.9527,290.8729993358662,70.2101307822771,3
10763,3,0.8573,224.62106063630347,61.796044372119326,3
3884,3,0.8213,119.429398780496,51.206074621775514,3
6730,3,0.84,125.7725376395314,45.43506558128925,3
4127,3,0.8885,243.5287590516008,64.56660639584983,3
10777,3,0.8483,78.51634345732069,38.7440392982684,3
11469,3,0.8227,167.47196941072897,53.42213147881088,3
11327,3,0.8135,73.45819144681074,34.445550465160345,3
3660,3,0.5932,202.6448313267227,57.57424842947906,3
5588,3,0.8468,193.0589094509481,59.695297292015674,3
252,3,0.8959,312.19944684065064,78.13694882879159,3
2740,3,0.8961,249.38787909620845,66.73512180984248,3
9173,3,0.8466,319.6802021564841,77.23278713112556,3
9167,3,0.8433,160.27372199489105,52.95410555854806,3
911,3,0.9603,333.6487869312046,87.45437350904152,3
939,3,0.8886,176.35860993164334,56.07828372415242,3
11657,3,0.8441,102.50253243843952,45.76222353626381,3
5761,3,0.8476,95.19864875096532,40.487725350074285,3
8523,3,0.8031,124.61152798504747,48.70979436599729,3
1261,2,0.8495,370.4377466818164,81.02355385911342,3
4480,3,0.8357,242.9210774624183,70.4984575264872,3
6452,3,0.8679,115.15315619696008,44.78355162235143,3
9007,3,0.8146,49.54487274411059,31.860200774657955,3
4251,0,0.5976,669.0437634059532,134.55113144307433,3
10367,3,0.875,106.44834478284336,46.06448397200421,3
2620,3,0.8242,500.5454816975988,117.6101724813145,3
865,3,0.9293,259.9114352803066,80.29701228724444,3
3516,3,0.6841,129.4100756514656,46.105932268274486,3
8443,3,0.8179,195.07900456209092,55.887536975928185,3
11737,3,0.837,126.68717309443927,45.59930317034837,3
5615,3,0.8368,225.3025050737262,62.71782142305224,3
5832,3,0.6579,114.8205206983419,42.88270574148698,3
9952,3,0.8597,150.47034541755207,53.41489257205929,3
8899,3,0.9646,343.2181168350834,83.8708745443474,3
8655,3,0.8753,121.06125493886437,45.01207373683589,3
6687,3,0.5848,123.22939565080397,46.10737114878541,3
8696,3,0.8819,138.39184409785355,49.734685641118304,3
10825,3,0.6287,94.90013016032168,39.41376446009161,3
333,3,0.7978,318.9315597542583,71.87095972402028,3
8873,3,0.8008,177.52749690481187,55.1849015534148,3
8654,3,0.8891,94.0942980419627,39.42550032936376,3
2379,3,0.8991,165.40589209211518,53.87070343684171,3
8132,3,0.5468,116.7490415275536,44.3870646552014,3
6123,3,0.8153,108.2133136752415,42.27882319957165,3
10616,3,0.9251,196.29145029615236,59.705952366005235,3
2437,3,0.9198,176.76113593913612,53.18081244413105,3
11939,3,0.8503,329.1035399503862,74.0870428763601,3
4293,3,0.8762,153.0505035033758,58.65844891679486,3
5199,2,0.9144,981.0965230371756,179.12016805305973,0
3265,3,0.6978,60.23946679565363,31.15537239070847,3
9990,3,0.8928,221.47048230803767,61.392726238016,3
8442,3,0.843,108.24694790117312,42.26344595616062,3
3259,2,0.7884,734.1753145860694,188.04363588134015,3
864,3,0.9102,335.284224175985,76.12985951308531,3
9760,3,0.7079,190.08693770631817,62.75769090812315,3
12388,3,0.7131,177.0226958346233,54.788097355151535,3
5006,3,0.6625,180.84221254235393,54.73780369442647,3
8522,3,0.7487,694.4939045698001,141.276286593239,2
10574,3,0.8006,76.38559915471996,34.989532507038575,3
4324,3,0.8765,126.46507008641832,50.74432637458905,3
6527,3,0.8982,301.7965453589562,75.09293018444846,3
12377,3,0.8994,55.42635450856553,34.71280105201584,3
6902,3,0.8613,178.33393719739803,54.99426310823497,3
3852,3,0.8097,197.53953209018664,61.44881645363212,3
1923,3,0.8955,201.2114041614054,63.34273692935936,3
10038,2,0.5252,285.9434045443064,73.29622142556826,2
8734,3,0.6535,83.32955333592972,36.67836767835876,3
