type,properties,id,yolo_pred,Confidence,Area_sqm,Perimeter_m,centroid_x,centroid_y,neighbor_mean_area,neighbor_mean_perimeter,neighbor_mean_conf,neighbor_majority_class,spatial_cluster_id
Feature,"{ ""height"": 5.036618709564209, ""confidence"": 0.99699997901916504 }",47,3,0.8867,187.79443619474168,56.86085650637038,440514.9949922261,4463985.829815645,201.0774499727549,60.8826856623305,0.76568,3,2
Feature,"{ ""height"": 5.0421314239501953, ""confidence"": 0.97689998149871804 }",63,3,0.9046,250.65115772412557,69.54835824558945,440490.99161032424,4463780.254094018,203.6999829698874,61.26115229012572,0.73788,3,2
Feature,"{ ""height"": 4.3059468269348145, ""confidence"": 0.99949997663497903 }",69,3,0.907,198.21238799355035,63.465734306357135,441557.11065833474,4463116.930656954,223.23572828992502,65.38340811598785,0.9014000000000001,3,1
Feature,"{ ""height"": 5.2187128067016602, ""confidence"": 0.97380000352859508 }",71,3,0.681,86.88217216004577,37.29363203940002,441339.50063305185,4462709.643840531,136.0467670326309,50.37267253786122,0.8123400000000001,3,1
Feature,"{ ""height"": 1.4707602262496939, ""confidence"": 1.0 }",76,2,0.2682,34.529987066705296,24.463680029288284,440501.16925791476,4463812.701669579,220.51779301597844,64.98124250372895,0.8646,3,2
Feature,"{ ""height"": 5.8452529907226562, ""confidence"": 0.99180001020431507 }",148,3,0.9064,246.86550253160704,68.66098596650923,443113.85987225175,4463432.572077459,251.26998529385827,67.97796357798362,0.89314,3,4
Feature,"{ ""height"": 4.7317380905151367, ""confidence"": 0.97530001401901212 }",169,3,0.8083,246.5819202171603,79.32962676251931,440445.46859583835,4463891.560065317,179.748669646803,53.84832386396219,0.7567999999999999,3,2
Feature,"{ ""height"": 5.2039108276367188, ""confidence"": 0.99699997901916504 }",194,3,0.937,203.68357322759107,60.76663996456105,440477.189741757,4463109.322473246,213.02027329140273,62.29933448774163,0.6989400000000001,3,1
Feature,"{ ""height"": 5.8751645088195801, ""confidence"": 0.95590001344680708 }",225,3,0.3666,157.079846453814,50.49164265957018,440445.73216486,4464138.193790525,226.7106168988802,66.1126310188928,0.8547399999999999,3,2
Feature,"{ ""height"": 4.9444088935852051, ""confidence"": 0.98489999771118109 }",243,1,0.102,1374.4476470401708,154.34920070641206,440176.416699812,4463517.3565804465,175.51422872626756,56.0202481696531,0.7399,3,3
Feature,"{ ""height"": 3.2003788948059082, ""confidence"": 0.99730002880096402 }",263,3,0.7035,136.58903251626907,46.85072226581655,441643.22870057926,4462678.44308738,232.00458161216676,66.54233852325135,0.8922999999999999,3,1
Feature,"{ ""height"": 4.0150532722473136, ""confidence"": 0.96549999713897705 }",269,3,0.8915,175.21395870201704,56.23683642186625,440768.1692829954,4464040.430570786,184.2406267998696,57.618303366596855,0.90624,3,2
Feature,"{ ""height"": 3.5762453079223628, ""confidence"": 0.98360002040863004 }",301,3,0.9031,237.3263639164596,68.70189880602801,441503.3555054325,4462826.642136051,106.10427086037805,40.941097225628866,0.78018,3,1
Feature,"{ ""height"": 4.3905839920043936, ""confidence"": 1.0 }",303,3,0.9092,196.62443488465968,56.851874197984344,440551.7905724779,4462995.834261241,197.165188992953,59.45456876632941,0.7515,3,1
Feature,"{ ""height"": 4.8963522911071777, ""confidence"": 0.99099999666213912 }",320,3,0.6119,205.893434326676,64.55918614038677,440562.5304452944,4463290.212570084,193.52791963747512,59.00804187806885,0.7670600000000001,3,1
Feature,"{ ""height"": 4.8703112602233887, ""confidence"": 0.9980000257492061 }",323,3,0.9087,177.8864715054573,57.34601495368184,440420.2180291513,4463558.407254313,422.2612151345244,76.52627555372347,0.72966,3,2
Feature,"{ ""height"": 4.7082958221435547, ""confidence"": 0.97359997034072809 }",378,3,0.9251,172.63192717517015,57.99585963884944,440966.0263217732,4462679.285471364,123.68214743230985,48.85455172502373,0.8331399999999999,3,1
Feature,"{ ""height"": 4.985936164855957, ""confidence"": 0.99409997463226307 }",409,3,0.9081,176.713384947855,55.71883566958625,440290.25581849663,4463530.143605218,415.06108114473074,75.74632117701826,0.57868,3,2
Feature,"{ ""height"": 4.5977382659912109, ""confidence"": 0.99400001764297408 }",472,3,0.8764,290.26589300261037,79.11207164188204,441083.1154839544,4463314.876504003,247.34946579791398,67.99673825326504,0.9049999999999999,3,0
Feature,"{ ""height"": 5.3479371070861816, ""confidence"": 1.0 }",476,3,0.809,161.81559092564544,51.59726076033139,440536.47239083453,4463905.890406491,182.48932793831364,57.01702600967651,0.7528599999999999,3,2
Feature,"{ ""height"": 4.4471645355224609, ""confidence"": 0.97380000352859508 }",479,2,0.1491,213.47740121755496,64.02140707796787,440217.78297115135,4463307.77396183,410.15133648912314,74.49482403817977,0.72502,3,2
Feature,"{ ""height"": 3.5125000476837158, ""confidence"": 0.98360002040863004 }",574,3,0.8661,66.1296834575077,32.57320507057616,440735.8338386497,4462778.43739845,193.9567901921913,58.89734017064935,0.7634200000000001,3,1
Feature,"{ ""height"": 4.9955072402954102, ""confidence"": 0.98710000514984109 }",582,3,0.8954,195.7432674035322,59.54951704850818,441039.20799194433,4463352.4463734925,261.54377603451775,71.7812690328783,0.9036799999999999,3,1
Feature,"{ ""height"": 6.6657891273498526, ""confidence"": 0.98140001296997004 }",603,3,0.8624,235.9072179847223,67.91369549994658,443013.85909922933,4462848.658103378,235.67939612381278,61.52606413442409,0.8992800000000001,3,4
Feature,"{ ""height"": 4.2268271446228027, ""confidence"": 0.95260000228881803 }",621,3,0.9177,163.67267693446342,52.892146106088774,442346.9942109367,4462758.375841394,232.94315847732133,66.39906866160891,0.86518,3,1
Feature,"{ ""height"": 5.2259931564331046, ""confidence"": 0.9980000257492061 }",647,3,0.9036,257.7914763640034,69.79851753488371,441888.34132036776,4462793.948791779,218.1307461088242,65.24722908518567,0.8956799999999999,3,1
Feature,"{ ""height"": 6.0570230484008789, ""confidence"": 0.98299998044967607 }",648,3,0.913,505.3731270393047,105.27473367298242,441708.3524117501,4463945.919217471,376.4763227440555,93.68449645535755,0.87016,3,0
Feature,"{ ""height"": 5.0989303588867188, ""confidence"": 0.98299998044967607 }",673,3,0.8932,212.82984019601133,58.641924592180885,442822.11938312405,4463376.365119311,249.7176001112213,67.8919089710325,0.9002800000000001,3,4
Feature,"{ ""height"": 3.9776549339294429, ""confidence"": 0.98979997634887706 }",705,3,0.8923,233.82129463028585,65.45642363783863,442771.008196531,4462836.983409935,253.91640921991765,71.60766264301485,0.8824799999999999,3,4
Feature,"{ ""height"": 4.1363849639892578, ""confidence"": 0.99980002641677812 }",734,3,0.9121,221.53395197010303,64.5909124448622,442741.2790648031,4463295.891116129,217.60233166258186,63.71156449861608,0.8873,3,4
Feature,"{ ""height"": 4.5864477157592773, ""confidence"": 0.99849998950958208 }",801,3,0.8542,273.40896083405664,76.00394728701147,440245.98945568636,4464018.607356015,295.4716312695008,64.06053578851487,0.7673,3,2
Feature,"{ ""height"": 5.350250244140625, ""confidence"": 0.98979997634887706 }",845,3,0.9381,289.84963448135676,74.89463294127238,441543.47926089226,4463491.576459329,343.46222801646746,86.27247459628289,0.81416,3,0
Feature,"{ ""height"": 6.0672736167907706, ""confidence"": 0.98790001869201605 }",855,3,0.8884,261.4980470012857,69.54234714199029,443997.6758090478,4462901.631974515,433.1769026130548,96.07790858578042,0.88798,3,4
Feature,"{ ""height"": 4.822265625, ""confidence"": 0.97899997234344405 }",915,3,0.9004,238.38016168275553,68.22809040689536,440960.5639607172,4463898.376852814,174.69433922153468,56.99137423065309,0.75878,3,2
Feature,"{ ""height"": 4.1881117820739746, ""confidence"": 0.98530000448226907 }",947,3,0.9059,211.48944900069193,64.95137625918335,441952.02972987335,4463048.7094722735,229.85610762805646,67.17035029846924,0.8873000000000001,3,1
Feature,"{ ""height"": 5.037017822265625, ""confidence"": 0.98919999599456709 }",951,3,0.9104,197.3710153552502,60.08084772594109,440892.8250684069,4463511.883878739,179.907793581308,56.76813562489981,0.88996,3,2
Feature,"{ ""height"": 5.2518539428710938, ""confidence"": 0.83020001649856512 }",963,3,0.9148,335.9027781199941,78.88125500474831,441628.77968671307,4463490.294272639,334.25159928874,85.47515018358771,0.81882,3,0
Feature,"{ ""height"": 3.9365880489349361, ""confidence"": 0.99269998073577803 }",978,3,0.8935,184.9966765615351,57.10425348147367,440966.53823460377,4463753.102665647,184.60119971543807,58.668439884361064,0.75884,3,2
Feature,"{ ""height"": 4.9098062515258789, ""confidence"": 0.98869997262954712 }",981,3,0.2406,269.59739926652776,70.92903491875906,440747.47668756964,4463077.066019813,185.06580480742804,57.550563703094895,0.90244,3,1
Feature,"{ ""height"": 5.2159357070922852, ""confidence"": 0.99949997663497903 }",1044,2,0.8657,857.6011722009439,121.8120070837988,440020.326685678,4463968.75160835,205.0396130815164,60.195769258814416,0.76556,3,3
Feature,"{ ""height"": 5.1228103637695312, ""confidence"": 0.96969997882843006 }",1065,3,0.9094,274.6391643637357,70.58011672700576,442644.6094468782,4462742.673811214,206.37300931561066,62.48451013043808,0.8586,3,4
Feature,"{ ""height"": 2.1396932601928711, ""confidence"": 1.0 }",1078,3,0.8225,30.40313212738231,22.290435108146376,441309.1571251331,4462738.213667115,147.3425750391636,53.373311924111945,0.7840399999999998,3,1
Feature,"{ ""height"": 6.1228432655334473, ""confidence"": 0.96920001506805409 }",1115,3,0.8616,623.489135259343,136.55606164730222,441725.3846007873,4463735.7542470945,339.85684482915923,83.6702099785702,0.8793199999999999,3,3
Feature,"{ ""height"": 5.3156218528747559, ""confidence"": 0.86769998073577803 }",1149,3,0.8953,211.37131514310312,62.289340330905006,440691.80725257384,4462951.294845792,169.20024367809629,53.63981564186872,0.75732,3,1
Feature,"{ ""height"": 4.4845991134643555, ""confidence"": 0.99370002746582009 }",1173,3,0.9183,395.98429674976217,93.25569092651654,440328.92715630383,4463788.577836489,193.02294623503465,58.98705599042247,0.7523200000000001,3,0
Feature,"{ ""height"": 7.2822742462158203, ""confidence"": 0.98320001363754206 }",1176,3,0.9223,363.0723205884404,82.303856003448,443075.3219937422,4463327.095890784,232.17862148573204,65.61670681764147,0.88756,3,4
Feature,"{ ""height"": 4.3587832450866699, ""confidence"": 0.99510002136230413 }",1211,3,0.925,180.20116744011227,57.26408585046539,442866.5425972093,4463452.501573797,256.2433346624011,68.16747671937563,0.8939200000000002,3,4
Feature,"{ ""height"": 4.6100940704345703, ""confidence"": 0.98589998483657804 }",1251,3,0.9123,197.82971125139863,63.34212986006859,441901.47211244755,4463047.935228262,232.58805517791515,67.4921995782922,0.8860199999999999,3,1
Feature,"{ ""height"": 4.5889396667480469, ""confidence"": 0.99940001964569003 }",1270,3,0.8377,181.61478283604717,56.86723685067298,440481.98957001796,4463255.387266307,191.95464795451343,58.87838787828914,0.6951600000000001,3,1
Feature,"{ ""height"": 4.5460362434387207, ""confidence"": 0.98989999294281006 }",1274,3,0.8676,266.28959561593547,73.9000657361978,441776.2054804018,4462888.288595318,216.43112225843782,64.42691944492285,0.90288,3,1
Feature,"{ ""height"": 5.5134835243225098, ""confidence"": 0.99849998950958208 }",1283,3,0.8686,140.09439611608545,48.19283201054568,440264.85608214693,4463404.909803221,422.3848789110846,77.25152190882638,0.58658,3,2
Feature,"{ ""height"": 5.3899798393249512, ""confidence"": 0.99860000610351507 }",1290,3,0.9287,228.956603708585,65.87948125470524,441820.3547641931,4462672.48580086,211.64958489288202,62.73275482237095,0.8489000000000001,3,1
Feature,"{ ""height"": 4.5173664093017578, ""confidence"": 0.99550002813339211 }",1303,3,0.9113,227.9189515123517,68.68273929051482,441860.9445712967,4462841.335589521,224.10525107915458,65.47038473405945,0.8941399999999999,3,1
Feature,"{ ""height"": 3.9707262516021733, ""confidence"": 0.96820002794265703 }",1376,3,0.7581,187.35127825387437,62.89956420720682,441172.3619626581,4462944.294801956,180.35303572209827,56.59177724600528,0.8649799999999999,3,1
Feature,"{ ""height"": 5.5921010971069345, ""confidence"": 0.98570001125335605 }",1384,3,0.8933,155.7898388816069,50.937909832961445,443180.27660182514,4463343.803360495,273.6351178270987,71.88989605173877,0.89336,3,4
Feature,"{ ""height"": 5.1467218399047852, ""confidence"": 0.99610000848770108 }",1410,3,0.888,262.2664264440775,70.75590398366937,443022.64533804066,4462886.780719256,217.71973958306154,60.3118233910878,0.8875400000000001,3,4
Feature,"{ ""height"": 5.6784405708312988, ""confidence"": 0.98079997301101607 }",1449,3,0.7443,112.89470984086364,44.72280989791099,442470.8558723121,4462684.02327765,233.78047464710752,67.54345669507714,0.8943999999999999,3,1
Feature,"{ ""height"": 6.5822510719299316, ""confidence"": 0.96840000152587813 }",1454,3,0.8469,119.5588744914958,46.42059176674892,440713.83914905257,4462875.203233507,183.27095198539368,56.12786283141479,0.76726,3,1
Feature,"{ ""height"": 6.2312626838684082, ""confidence"": 0.96060001850128107 }",1457,3,0.829,282.829394101136,76.20001847069354,442928.25214849773,4463370.935651001,240.7839994424972,65.19430489965939,0.91198,3,4
Feature,"{ ""height"": 4.0411639213562012, ""confidence"": 1.0 }",1474,3,0.7764,72.87787064949865,34.2743189249971,441339.0960074198,4462676.266110294,128.69517818721926,47.76676677246375,0.7823399999999999,3,1
Feature,"{ ""height"": 4.2028536796569824, ""confidence"": 0.99409997463226307 }",1504,3,0.9114,217.64190070635,62.06427295058262,441299.6418357257,4463205.123471907,260.3641409548946,72.75328473934785,0.8698599999999999,3,1
Feature,"{ ""height"": 5.6490182876586914, ""confidence"": 0.98869997262954712 }",1540,3,0.8864,174.0260395995305,56.17771601123264,443912.4153309287,4462867.221320291,450.6713040934058,98.75083481193197,0.88838,3,4
Feature,"{ ""height"": 4.1334238052368164, ""confidence"": 0.9800999760627741 }",1584,3,0.9144,343.23668912933374,84.36036224723921,441251.4811215528,4463206.41446471,234.75135915229416,67.51082342844674,0.8669399999999999,3,0
Feature,"{ ""height"": 3.5461978912353511, ""confidence"": 0.98170000314712502 }",1596,3,0.6637,189.76054219785948,56.62462805551611,441711.79319072934,4463394.9255112475,278.42469702000835,75.30841010524514,0.87812,3,1
Feature,"{ ""height"": 5.2667155265808097, ""confidence"": 0.99629998207092207 }",1606,3,0.8763,211.2000901193347,67.3511214940471,442748.66894013464,4463127.770796796,230.9410800880866,65.84548165419612,0.8973799999999998,3,4
Feature,"{ ""height"": 5.004910945892334, ""confidence"": 0.97990000247955311 }",1619,3,0.8887,231.7783531986959,63.49170011997597,441492.8705928342,4463488.234433384,355.07648427299966,88.55306116054217,0.8240399999999999,3,0
Feature,"{ ""height"": 5.1471772193908691, ""confidence"": 0.97839999198913508 }",1644,3,0.8856,179.58811989016382,57.65950297197309,440597.02214185824,4463831.512962132,173.90727437559886,56.23247202974572,0.74382,3,2
Feature,"{ ""height"": 4.3799080848693848, ""confidence"": 0.99260002374649003 }",1659,3,0.7437,146.2065376149062,49.98902186449036,440138.44240331685,4464084.158384045,299.53764993953433,66.00755664928684,0.67962,3,2
Feature,"{ ""height"": 4.0128302574157706, ""confidence"": 0.99750000238418512 }",1719,3,0.8379,266.0906453984111,71.6723913082185,441985.45187800116,4463104.972860694,202.78964155434687,62.58710284334059,0.9047599999999999,3,4
Feature,"{ ""height"": 5.3217148780822754, ""confidence"": 0.97939997911453203 }",1722,3,0.8943,296.75973455313897,82.28180452959295,441327.01632303104,4464011.721228433,251.76531192542066,69.0096307510149,0.7629,3,0
Feature,"{ ""height"": 5.8429045677185059, ""confidence"": 0.98500001430511408 }",1799,3,0.8877,579.1568958556885,116.17073014501612,443890.78838758066,4463186.922936024,369.64513284217423,86.75223198517526,0.88812,3,3
Feature,"{ ""height"": 3.3340756893157959, ""confidence"": 0.9645000100135801 }",1808,3,0.893,93.09571074273197,38.682251937658975,441081.71952606627,4462930.238643073,165.08319683349404,56.16233917823689,0.8401400000000001,3,1
Feature,"{ ""height"": 4.908257007598877, ""confidence"": 0.9890000224113461 }",1845,3,0.865,169.39948984438513,54.82215113648385,440342.8762195151,4463634.09617443,475.13659159347407,86.04362010035723,0.74834,3,2
Feature,"{ ""height"": 4.6055445671081543, ""confidence"": 0.92180001735687211 }",1865,3,0.8763,285.56914718771804,81.43747551040545,442564.94674933964,4463016.14613095,220.97343560358453,64.17414408196849,0.9015599999999999,3,4
Feature,"{ ""height"": 3.4886362552642822, ""confidence"": 0.99430000782012906 }",1888,3,0.9074,191.15163436218555,58.25442529734656,441867.5684070542,4463106.218524656,233.92367055575778,68.5097404908366,0.8869999999999999,3,1
Feature,"{ ""height"": 6.0661988258361816, ""confidence"": 0.98420000076293912 }",1910,3,0.8585,169.6588684558504,54.43172928444189,441783.92721670825,4462715.894568797,223.50913194342894,65.02230521642363,0.86294,3,1
Feature,"{ ""height"": 4.8395533561706543, ""confidence"": 0.95679998397827104 }",1919,3,0.929,175.95771594435766,56.22343435100019,440656.98507202254,4463985.274385932,177.51931444263624,55.905832343348735,0.87482,3,2
Feature,"{ ""height"": 3.2084705829620361, ""confidence"": 0.97359997034072809 }",1943,3,0.8883,109.88011437194324,43.02191055155907,440949.305797971,4463634.483257237,187.0288275139984,58.00312681277887,0.89918,3,2
Feature,"{ ""height"": 5.2234716415405273, ""confidence"": 0.90030002593994107 }",1951,3,0.742,336.38033130644465,95.80872815387188,441761.6651569835,4463595.056475943,334.15608865144986,82.089655553763,0.8533799999999999,3,0
Feature,"{ ""height"": 3.9040558338165279, ""confidence"": 0.9756000041961671 }",2005,3,0.8962,118.65301656691904,45.05292540107608,440687.79573589057,4463448.304506712,191.37130606274422,60.05553158519156,0.8385,3,2
Feature,"{ ""height"": 5.3692464828491211, ""confidence"": 0.97320002317428511 }",2008,3,0.9004,254.25475350906845,71.32332235105697,443961.5777511627,4462958.090875475,434.62556131149825,95.72171354396708,0.8855799999999998,3,4
Feature,"{ ""height"": 3.0590026378631592, ""confidence"": 0.98439997434616011 }",2017,3,0.9138,135.8863536768798,49.60443051251576,440937.99063489976,4464125.718233526,193.38530869927436,60.53994238343432,0.7632,3,2
Feature,"{ ""height"": 3.9733231067657471, ""confidence"": 0.99470001459121704 }",2027,3,0.9175,203.76914684869445,63.99637778978428,441557.2606769617,4463037.024116615,222.1243765188962,65.27727941930243,0.8993,3,1
Feature,"{ ""height"": 3.6363637447357169, ""confidence"": 0.86900001764297408 }",2047,3,0.8957,7.399074035173328,10.920273134232351,443080.2133123237,4462694.450410786,281.3810249137226,72.92474860756693,0.89262,3,1
Feature,"{ ""height"": 5.1909937858581543, ""confidence"": 0.97810000181198109 }",2048,3,0.911,400.2710211457916,89.91760318937429,443076.72606972983,4462766.863898368,202.80663549159894,57.12528259653853,0.88956,3,4
Feature,"{ ""height"": 4.3277420997619629, ""confidence"": 0.99489998817443803 }",2056,3,0.9238,194.09082629029052,61.42437225527511,440825.9459922793,4463181.596952396,233.0719745069886,66.25115394652262,0.70732,3,1
Feature,"{ ""height"": 4.7137823104858398, ""confidence"": 0.98729997873306208 }",2094,3,0.9155,263.952176322797,66.77146377823145,440417.23383196164,4463928.370737776,205.34124623080297,61.10142299700518,0.7381,3,2
Feature,"{ ""height"": 2.67037034034729, ""confidence"": 0.99720001220703103 }",2135,0,0.6319,55.98901652339157,32.15321379093521,440133.16012677253,4463940.574575655,365.3620442170268,78.12752791738714,0.81232,3,2
Feature,"{ ""height"": 4.3148150444030762, ""confidence"": 1.0 }",2170,3,0.6797,153.60925368546523,49.576972425118505,440131.8312424835,4463844.684988075,345.8379967846121,74.64277619055049,0.8027599999999999,3,2
Feature,"{ ""height"": 4.7856907844543457, ""confidence"": 0.98420000076293912 }",2187,0,0.8522,790.5767234991854,155.5633557058481,443890.55372404517,4463147.194294179,327.3611673134749,78.87370687300886,0.8952199999999999,3,3
Feature,"{ ""height"": 3.563747644424438, ""confidence"": 0.98159998655319203 }",2273,2,0.1938,194.1902406666282,64.83664568120726,441125.2161247775,4463909.602913551,207.84147859498452,62.878656797336056,0.9006599999999999,3,2
Feature,"{ ""height"": 5.7852020263671875, ""confidence"": 0.96270000934600808 }",2312,3,0.8961,274.45720545799554,73.18394773234967,443121.7782931251,4463463.628793378,245.75164470858053,67.07337122481553,0.8952,3,4
Feature,"{ ""height"": 4.8590531349182129, ""confidence"": 0.99250000715255704 }",2333,3,0.8869,185.55846164510663,57.70484350958961,442071.4783844651,4463281.9230464,211.26439644210933,62.96899015606662,0.84544,3,1
Feature,"{ ""height"": 4.2958798408508301, ""confidence"": 0.99830001592636108 }",2364,3,0.9132,367.8701006018011,81.15441871574828,443784.2482205211,4462868.767860797,411.90249189295173,93.75549427102882,0.8830199999999999,3,4
Feature,"{ ""height"": 5.142085075378418, ""confidence"": 0.9979000091552731 }",2515,3,0.913,200.9511664563148,59.10067208569346,442867.130292936,4463378.7423518505,252.0933348591606,67.80015947233001,0.89632,3,4
Feature,"{ ""height"": 4.2946233749389648, ""confidence"": 0.97689998149871804 }",2564,3,0.8934,282.75445639510394,73.92869129405406,441041.56281235005,4463132.307683612,223.28647731369975,64.6257150261127,0.9006000000000001,3,0
Feature,"{ ""height"": 4.7860569953918457, ""confidence"": 0.9980000257492061 }",2644,3,0.9013,183.1844665006132,57.17470505620254,440848.1412026277,4464057.8916708,183.92568613452764,59.02588747469697,0.7656999999999999,3,2
Feature,"{ ""height"": 3.6203861236572261, ""confidence"": 0.97409999370574907 }",2770,3,0.8016,152.2751902159395,63.69714564292778,441256.5428774732,4462867.420231363,94.12203278670661,39.08804044348186,0.7862,3,1
